handle,domain,eligible_for_bounty
nicehash,test.nicehash.com,True
nicehash,nicex.com,True
nicehash,test.nicehash.com,True
nicehash,https://test.nicehash.com/shop/,True
nicehash,https://test.nicex.com,True
nicehash,nicex.com,True
nicehash,https://api-test.nicex.com,True
nicehash,https://api-test.nicehash.com,True
particle-health-vdp,portal.particlehealth.com,False
particle-health-vdp,carequality.particlehealth.com,False
particle-health-vdp,partner.particlehealth.com,False
particle-health-vdp,api.particlehealth.com,False
particle-health-vdp,management.particlehealth.com,False
particle-health-vdp,sandbox.particlehealth.com,False
particle-health-vdp,admin.particlehealth.com,False
particle-health-vdp,ehealthexchange.particlehealth.com,False
particle-health-vdp,ia.particlehealth.com,False
particle-health-vdp,portal.particlehealth.com,False
particle-health-vdp,api.particlehealth.com,False
particle-health-vdp,carequality.particlehealth.com,False
particle-health-vdp,admin.particlehealth.com,False
particle-health-vdp,ehealthexchange.particlehealth.com,False
particle-health-vdp,ia.particlehealth.com,False
particle-health-vdp,management.particlehealth.com,False
particle-health-vdp,partner.particlehealth.com,False
particle-health-vdp,sandbox.particlehealth.com,False
brightspeed,brightspeedtsm.service-now.com,False
brightspeed,brightspeed.service-now.com,False
brightspeed,gobrightspeed.net,False
brightspeed,*.brightspeed.com,False
brightspeed,brightspeed.com,False
brightspeed,*.brightspeed.com,False
brightspeed,brightspeed.com,False
brightspeed,brightspeed.service-now.com,False
brightspeed,brightspeedtsm.service-now.com,False
brightspeed,gobrightspeed.net,False
palta,prismalabsteam.com,True
palta,lensa-ai.com,True
palta,prisma-ai.com,True
palta,neuralprisma.com,True
palta,appapi.neuralprisma.com,True
palta,neuralprisma.com,True
palta,prismalabsteam.com,True
palta,lensa-ai.com,True
palta,prisma-ai.com,True
palta,appapi.neuralprisma.com,True
palta,https://simple-life-app.com/,True
gocardless_bbp,connect-sandbox.gocardless.com,True
gocardless_bbp,*.gocardless.io,True
gocardless_bbp,*.gocardless-banking.io,True
gocardless_bbp,*.gocardless-lab.io,True
gocardless_bbp,api-sandbox.gocardless.com,True
gocardless_bbp,*.gocardless.dev,False
gocardless_bbp,xero-sandbox.gocardless.com,True
gocardless_bbp,pay-sandbox.gocardless.com,True
gocardless_bbp,oauth-sandbox.gocardless.com,True
gocardless_bbp,*.gocardless.com,True
gocardless_bbp,*.gocardless-staging.io,True
gocardless_bbp,www.gocardless.com,True
gocardless_bbp,manage-sandbox.gocardless.com,True
gocardless_bbp,*.gocardless-cicd.io,True
gocardless_bbp,*.gocardless.io,True
gocardless_bbp,*.gocardless-banking.io,True
gocardless_bbp,*.gocardless-cicd.io,True
gocardless_bbp,*.gocardless.com,True
gocardless_bbp,*.gocardless-staging.io,True
gocardless_bbp,*.gocardless-lab.io,True
gocardless_bbp,manage-sandbox.gocardless.com,True
gocardless_bbp,pay-sandbox.gocardless.com,True
gocardless_bbp,api-sandbox.gocardless.com,True
gocardless_bbp,connect-sandbox.gocardless.com,True
gocardless_bbp,www.gocardless.com,True
gocardless_bbp,oauth-sandbox.gocardless.com,True
gocardless_bbp,xero-sandbox.gocardless.com,True
gocardless_bbp,*.gocardless.dev,False
rei_bbp,rei.com,True
rei_bbp,rei.com,True
rei_bbp,http://rei.com/rei-garage,True
rei_bbp,http://rei.com/adventures,True
rei_bbp,http://rei.com/learn/expert-advice,True
rei_bbp,http://rei.com/events,True
coinhako,help.coinhako.com,False
coinhako,www.coinhako.com,True
coinhako,www.coinhako.com,True
coinhako,help.coinhako.com,False
leather_wallet,www.leather.io,True
leather_wallet,www.leather.io,True
alshaya,boyswebtest.shaya.com.tr,False
alshaya,opsassistbrandedsolutions.shaya.com.tr,False
alshaya,pmp.shaya.com.tr,False
alshaya,card.starbucks.com.kz,False
alshaya,*.alshayaenterprises.com,False
alshaya,*.americaneagle.com.bh,False
alshaya,*.americaneagle.com.kw,False
alshaya,*.westelm.com.kw,False
alshaya,*.victoriassecret.com.qa,False
alshaya,*.thebodyshop.com.kw,False
alshaya,*.muji.qa,False
alshaya,*.mothercare.com.eg,False
alshaya,*.footlocker.com.eg,False
alshaya,*.debenhams.sa,False
alshaya,*.bathandbodyworks.com.kw,False
alshaya,dev.alshaya.com,False
alshaya,devimages.alshaya.com,False
alshaya,suppliertraining.alshaya.com,False
alshaya,kw.boots.com,False
alshaya,*.starbuckscardtr.com,False
alshaya,*.aloyoga.com.kw,False
alshaya,bakimonarim.shaya.com.tr,False
alshaya,kw.shopjustice.me,False
alshaya,sa.hm.com,False
alshaya,boysweb.shaya.com.tr,False
alshaya,qt.boots.com,False
alshaya,kw.hm.com,False
alshaya,sa.cosstores.com,False
alshaya,*.starbucks.com.kz,False
alshaya,*.aloyoga.ae,False
alshaya,*.aloyoga.com.qa,False
alshaya,*.americaneagle.com.eg,False
alshaya,*.americaneagle.com.sa,False
alshaya,*.victoriassecret.ae,False
alshaya,*.thebodyshop.com.tr,False
alshaya,*.thebodyshop.com.eg,False
alshaya,*.starbucks.com.tr,False
alshaya,*.potterybarnkids.com.kw,False
alshaya,*.potterybarn.com.sa,False
alshaya,*.potterybarn.ae,False
alshaya,*.mothercare.com.sa,False
alshaya,*.mothercare.com.kw,False
alshaya,*.footlocker.com.bh,False
alshaya,*.footlocker.ae,False
alshaya,*.debenhams.com.kw,False
alshaya,*.debenhams.ae,False
alshaya,*.bathandbodyworks.jo,False
alshaya,*.bathandbodyworks.com.tr,False
alshaya,*.carrier.alshaya.com,False
alshaya,customercare.alshaya.com,False
alshaya,*.shaya.com.tr,False
alshaya,*.starbucks.com.kz,False
alshaya,*.aloyoga.ae,False
alshaya,*.aloyoga.com.kw,False
alshaya,*.aloyoga.com.qa,False
alshaya,*.alshayaenterprises.com,False
alshaya,*.americaneagle.ae,False
alshaya,*.americaneagle.com.bh,False
alshaya,*.americaneagle.com.eg,False
alshaya,*.americaneagle.com.jo,False
alshaya,*.americaneagle.com.kw,False
alshaya,*.americaneagle.com.qa,False
alshaya,*.americaneagle.com.sa,False
alshaya,*.bathandbodyworks.ae,False
alshaya,*.westelm.com.sa,False
alshaya,*.westelm.com.kw,False
alshaya,*.westelm.ae,False
alshaya,*.victoriassecret.pl,False
alshaya,*.victoriassecret.com.tr,False
alshaya,*.victoriassecret.com.sa,False
alshaya,*.victoriassecret.com.qa,False
alshaya,*.victoriassecret.com.kw,False
alshaya,*.victoriassecret.ae,False
alshaya,*.victoriassecreatbeauty.ro,False
alshaya,*.thebodyshop.qa,False
alshaya,*.thebodyshop.pl,False
alshaya,*.thebodyshop.com.tr,False
alshaya,*.thebodyshop.com.kw,False
alshaya,*.thebodyshop.com.eg,False
alshaya,*.thebodyshop.com.bh,False
alshaya,*.starbuckscardtr.com,False
alshaya,*.starbucks.com.tr,False
alshaya,*.shakeshack.co.uk,False
alshaya,*.potterybarnkids.com.sa,False
alshaya,*.potterybarnkids.com.kw,False
alshaya,*.potterybarnkids.ae,False
alshaya,*.potterybarn.com.sa,False
alshaya,*.potterybarn.com.kw,False
alshaya,*.potterybarn.ae,False
alshaya,*.paylessshoes.ae,False
alshaya,*.payless.com.kw,False
alshaya,*.muji.qa,False
alshaya,*.muji.com.sa,False
alshaya,*.muji.com.kw,False
alshaya,*.muji.bh,False
alshaya,*.muji.ae,False
alshaya,*.mothercare.qa,False
alshaya,*.mothercare.com.sa,False
alshaya,*.mothercare.com.kw,False
alshaya,*.mothercare.com.eg,False
alshaya,*.mothercare.ae,False
alshaya,*.kidzaniakuwait-tickets.com,False
alshaya,*.footlocker.qa,False
alshaya,*.footlocker.com.eg,False
alshaya,*.footlocker.com.bh,False
alshaya,*.footlocker.ae,False
alshaya,*.debenhams.sa,False
alshaya,*.debenhams.com.kw,False
alshaya,*.debenhams.ae,False
alshaya,*.bathandbodyworks.pl,False
alshaya,*.bathandbodyworks.jo,False
alshaya,*.bathandbodyworks.com.tr,False
alshaya,*.bathandbodyworks.com.sa,False
alshaya,*.bathandbodyworks.com.qa,False
alshaya,*.bathandbodyworks.com.kw,False
alshaya,*.bathandbodyworks.com.eg,False
alshaya,*.bathandbodyworks.com.bh,False
alshaya,*.alshaya.com,False
alshaya,*.carrier.alshaya.com,False
alshaya,*.supplier.alshaya.com,False
alshaya,*.starbucks.az,False
alshaya,*.tamanna.com,False
alshaya,boysweb.shaya.com.tr,False
alshaya,boyswebtest.shaya.com.tr,False
alshaya,onlinepos.shaya.com.tr,False
alshaya,opsassistbrandedsolutions.shaya.com.tr,False
alshaya,pmp.shaya.com.tr,False
alshaya,sbuxopsassist.shaya.com.tr,False
alshaya,vpn.shaya.com.tr,False
alshaya,ae.boots.com,False
alshaya,bn.boots.com,False
alshaya,kw.boots.com,False
alshaya,qt.boots.com,False
alshaya,sa.boots.com,False
alshaya,ae.hm.com,False
alshaya,eg.hm.com,False
alshaya,kw.hm.com,False
alshaya,qa.hm.com,False
alshaya,sa.hm.com,False
alshaya,ae.cos.com,False
alshaya,kw.cos.com,False
alshaya,sa.cos.com,False
alshaya,ae.cosstores.com,False
alshaya,kw.cosstores.com,False
alshaya,sa.cosstores.com,False
alshaya,ae.shopjustice.me,False
alshaya,kw.shopjustice.me,False
alshaya,sa.shopjustice.me,False
alshaya,card.starbucks.com.kz,False
alshaya,ccareapuat.alshaya.com,False
alshaya,coms.carrier.alshaya.com,False
alshaya,comsuat.carrier.alshaya.com,False
alshaya,customercare.alshaya.com,False
alshaya,dev.alshaya.com,False
alshaya,devimages.alshaya.com,False
alshaya,gtmsservice.alshaya.com,False
alshaya,internaljobs.alshaya.com,False
alshaya,jenkins.alshaya.com,False
alshaya,jobsearch.alshaya.com,False
alshaya,onlinestaffstore.alshaya.com,False
alshaya,prodimages.alshaya.com,False
alshaya,suppliertraining.alshaya.com,False
alshaya,bakimonarim.shaya.com.tr,False
alshaya,kuwait.kidzania.com,False
alshaya,www.visionexpress.me,False
wisdomtree,api.wisdomtreeprimeapp.com,True
wisdomtree,api.wisdomtreeprimeapp.com,True
kahootz-vdp,http://vdp.kahootz.com,False
abn_amro_vdp,*.abnamroinvestmentsolutions.com,False
abn_amro_vdp,*.abnamrocomfin.com,False
abn_amro_vdp,*.bethmannbank.de,False
abn_amro_vdp,*.alfam.nl,False
abn_amro_vdp,*.abnamro.com,False
abn_amro_vdp,*.tikkie.me,False
abn_amro_vdp,*abnamroprivatebanking.be,False
abn_amro_vdp,*.abnamro.nl,False
abn_amro_vdp,*.abnamro.org,False
abn_amro_vdp,*neuflizeobc.fr,False
abn_amro_vdp,*.abnamrolease.com,False
abn_amro_vdp,*.abnamro.be,False
abn_amro_vdp,*.new10.com,False
abn_amro_vdp,*.abnamro.com,False
abn_amro_vdp,*.abnamro.nl,False
abn_amro_vdp,*.tikkie.me,False
abn_amro_vdp,*.abnamrocomfin.com,False
abn_amro_vdp,*.abnamro.org,False
abn_amro_vdp,*.alfam.nl,False
abn_amro_vdp,*.bethmannbank.de,False
abn_amro_vdp,*neuflizeobc.fr,False
abn_amro_vdp,*abnamroprivatebanking.be,False
abn_amro_vdp,*.abnamro.be,False
abn_amro_vdp,*.abnamrolease.com,False
abn_amro_vdp,*.abnamroinvestmentsolutions.com,False
abn_amro_vdp,*.new10.com,False
fertitta_entertainment,dungeonofdoomkemah.com,False
fertitta_entertainment,thepostoak.com,False
fertitta_entertainment,galvestonholidayinn.com,False
fertitta_entertainment,r-u-i.com,False
fertitta_entertainment,sanluisresort.com,False
fertitta_entertainment,wildwoodcasino.net,False
fertitta_entertainment,fertittaentertainmentinc.com,False
fertitta_entertainment,goldennugget.com,False
fertitta_entertainment,hunttinginn.com,False
fertitta_entertainment,aqbeerfest.com,False
fertitta_entertainment,boardwalkfantasea.com,False
fertitta_entertainment,brennersfest.com,False
fertitta_entertainment,kemahbeerfest.com,False
fertitta_entertainment,pleasurepier.com,False
fertitta_entertainment,tilmanfertitta.com,False
fertitta_entertainment,thepostoakhotel.com,False
fertitta_entertainment,chefsdinners.com,False
fertitta_entertainment,lilliesasiancuisine.com,False
fertitta_entertainment,muer.com,False
fertitta_entertainment,shoppostoak.com,False
fertitta_entertainment,aqwine.com,False
fertitta_entertainment,aqbeerfest.com,False
fertitta_entertainment,aqwine.com,False
fertitta_entertainment,boardwalkfantasea.com,False
fertitta_entertainment,brennersfest.com,False
fertitta_entertainment,chefsdinners.com,False
fertitta_entertainment,dungeonofdoomkemah.com,False
fertitta_entertainment,galvestonholidayinn.com,False
fertitta_entertainment,hunttinginn.com,False
fertitta_entertainment,kemahbeerfest.com,False
fertitta_entertainment,lilliesasiancuisine.com,False
fertitta_entertainment,r-u-i.com,False
fertitta_entertainment,pleasurepier.com,False
fertitta_entertainment,sanluisresort.com,False
fertitta_entertainment,muer.com,False
fertitta_entertainment,wildwoodcasino.net,False
fertitta_entertainment,goldennugget.com,False
fertitta_entertainment,thepostoak.com,False
fertitta_entertainment,thepostoakhotel.com,False
fertitta_entertainment,shoppostoak.com,False
fertitta_entertainment,tilmanfertitta.com,False
fertitta_entertainment,fertittaentertainmentinc.com,False
aboitizpower_corporation,1882energyventures.net,False
aboitizpower_corporation,aboitizenergysolutions.com,False
aboitizpower_corporation,aboitizpowercorporation.ph,False
aboitizpower_corporation,aesi.com.ph,False
aboitizpower_corporation,bettersolutions.com.ph,False
aboitizpower_corporation,cleanergy.ph,False
aboitizpower_corporation,veco.com.ph,False
aboitizpower_corporation,*.enerzone.com.ph,False
aboitizpower_corporation,*.davaolight.com,False
aboitizpower_corporation,*.oilbu.com,False
aboitizpower_corporation,aboitizpower.info,False
aboitizpower_corporation,adventenergy.com.ph,False
aboitizpower_corporation,retailelectricity.com.ph,False
aboitizpower_corporation,snaboitizpower.com,False
aboitizpower_corporation,*.visayanelectric.com,False
aboitizpower_corporation,*.aboitizpower.com,False
aboitizpower_corporation,*.apps.sofa.csg.aboitizpower.org,False
aboitizpower_corporation,aboitizpower.org,False
aboitizpower_corporation,1882energyventures.com,False
aboitizpower_corporation,aboitizpower.net,False
aboitizpower_corporation,enerzone.com.ph,False
aboitizpower_corporation,sustainablephilippines.com,False
aboitizpower_corporation,*.snaboitiz.com,False
aboitizpower_corporation,*.cotabatolight.com,False
aboitizpower_corporation,aboitizpower.com.ph,False
aboitizpower_corporation,aboitizpowercorporation.com.ph,False
aboitizpower_corporation,aboitiztrading.com,False
aboitizpower_corporation,apsiph.com,False
aboitizpower_corporation,balambanenerzone.com,False
aboitizpower_corporation,cleanergy.com.ph,False
aboitizpower_corporation,limaenerzone.com,False
aboitizpower_corporation,prismenergy.com.ph,False
aboitizpower_corporation,subicenerzone.com,False
aboitizpower_corporation,aboitizpower.ph,False
aboitizpower_corporation,mactanenerzone.com,False
aboitizpower_corporation,snap-res.com,False
aboitizpower_corporation,visayanelectric.ph,False
aboitizpower_corporation,visayanelectric.com.ph,False
aboitizpower_corporation,*.hedcor.com,False
aboitizpower_corporation,*.aboitizpower.com,False
aboitizpower_corporation,*.snaboitiz.com,False
aboitizpower_corporation,*.enerzone.com.ph,False
aboitizpower_corporation,*.cotabatolight.com,False
aboitizpower_corporation,*.davaolight.com,False
aboitizpower_corporation,*.oilbu.com,False
aboitizpower_corporation,*.visayanelectric.com,False
aboitizpower_corporation,*.hedcor.com,False
aboitizpower_corporation,*.apps.sofa.csg.aboitizpower.org,False
aboitizpower_corporation,aboitizpower.org,False
aboitizpower_corporation,1882energyventures.com,False
aboitizpower_corporation,1882energyventures.net,False
aboitizpower_corporation,aboitizenergysolutions.com,False
aboitizpower_corporation,aboitizpower.com.ph,False
aboitizpower_corporation,aboitizpower.info,False
aboitizpower_corporation,aboitizpower.net,False
aboitizpower_corporation,aboitizpower.ph,False
aboitizpower_corporation,aboitizpowercorporation.com.ph,False
aboitizpower_corporation,aboitizpowercorporation.ph,False
aboitizpower_corporation,aboitiztrading.com,False
aboitizpower_corporation,adventenergy.com.ph,False
aboitizpower_corporation,aesi.com.ph,False
aboitizpower_corporation,apsiph.com,False
aboitizpower_corporation,bettersolutions.com.ph,False
aboitizpower_corporation,balambanenerzone.com,False
aboitizpower_corporation,cleanergy.com.ph,False
aboitizpower_corporation,cleanergy.ph,False
aboitizpower_corporation,enerzone.com.ph,False
aboitizpower_corporation,limaenerzone.com,False
aboitizpower_corporation,mactanenerzone.com,False
aboitizpower_corporation,prismenergy.com.ph,False
aboitizpower_corporation,retailelectricity.com.ph,False
aboitizpower_corporation,snaboitizpower.com,False
aboitizpower_corporation,snap-res.com,False
aboitizpower_corporation,subicenerzone.com,False
aboitizpower_corporation,sustainablephilippines.com,False
aboitizpower_corporation,veco.com.ph,False
aboitizpower_corporation,visayanelectric.com.ph,False
aboitizpower_corporation,visayanelectric.ph,False
nba-vdp,nba.com,False
nba-vdp,bal.nba.com,False
nba-vdp,cdn.nba.com,False
nba-vdp,stats-trafficcop-prod.nba.com,False
nba-vdp,2kleague.nba.com,False
nba-vdp,content-api-prod.nba.com,False
nba-vdp,gleague.nba.com,False
nba-vdp,identity.nba.com,False
nba-vdp,teamportal.nba.com,False
nba-vdp,core-api.nba.com,False
nba-vdp,wnba.com,False
nba-vdp,nba.com,False
nba-vdp,wnba.com,False
nba-vdp,2kleague.nba.com,False
nba-vdp,bal.nba.com,False
nba-vdp,cdn.nba.com,False
nba-vdp,content-api-prod.nba.com,False
nba-vdp,core-api.nba.com,False
nba-vdp,gleague.nba.com,False
nba-vdp,identity.nba.com,False
nba-vdp,stats-trafficcop-prod.nba.com,False
nba-vdp,teamportal.nba.com,False
greenfly,portal.greenfly.com,False
greenfly,api.greenfly.com,False
greenfly,api.greenfly.com,False
greenfly,portal.greenfly.com,False
servicenow-disclosure,*.servicenow.com,False
servicenow-disclosure,*.service-now.com,False
servicenow-disclosure,*.servicenow.com,False
servicenow-disclosure,*.service-now.com,False
shi_vdp,api.shi.com,False
shi_vdp,durango.shi.com,False
shi_vdp,renewalreminder.shi.com,False
shi_vdp,accounts.shi.com,False
shi_vdp,apiconsole.shi.com,False
shi_vdp,assetinsights.shi.com,False
shi_vdp,servicepro.shi.com,False
shi_vdp,www.content.shi.com,False
shi_vdp,www.shi.com,False
shi_vdp,accounts.shi.com,False
shi_vdp,api.shi.com,False
shi_vdp,apiconsole.shi.com,False
shi_vdp,assetinsights.shi.com,False
shi_vdp,durango.shi.com,False
shi_vdp,renewalreminder.shi.com,False
shi_vdp,servicepro.shi.com,False
shi_vdp,www.content.shi.com,False
shi_vdp,www.shi.com,False
shi_vdp,https://www.cxmlorderservice.shi.com/cxmlorderreceiptservice/cxmlorderreceiptservice.svc,False
redox_bbp,testapi.redoxengine.com,True
redox_bbp,fhir.redoxengine.com,True
redox_bbp,launch.gamma.redoxstage.com,True
redox_bbp,clientcert.gamma.redoxstage.com,True
redox_bbp,www.redoxengine.com,True
redox_bbp,blob.gamma.redoxstage.com,True
redox_bbp,dashboard.gamma.redoxstage.com,True
redox_bbp,eets-sftp-listener.gamma.redoxstage.com,True
redox_bbp,10x.redoxengine.com,True
redox_bbp,help.redoxengine.com,True
redox_bbp,eets.gamma.redoxstage.com,True
redox_bbp,webhooks.gamma.redoxstage.com,True
redox_bbp,testapp.redoxengine.com,True
redox_bbp,docs.redoxengine.com,True
redox_bbp,api.gamma.redoxstage.com,True
redox_bbp,evening-earth.gamma.redoxstage.com,True
redox_bbp,gamma.redoxstage.com,True
redox_bbp,sftp.gamma.redoxstage.com,True
redox_bbp,explore.redoxengine.com,True
redox_bbp,app.gamma.redoxstage.com,True
redox_bbp,10x.redoxengine.com,True
redox_bbp,testapp.redoxengine.com,True
redox_bbp,testapi.redoxengine.com,True
redox_bbp,api.gamma.redoxstage.com,True
redox_bbp,app.gamma.redoxstage.com,True
redox_bbp,blob.gamma.redoxstage.com,True
redox_bbp,clientcert.gamma.redoxstage.com,True
redox_bbp,dashboard.gamma.redoxstage.com,True
redox_bbp,eets-sftp-listener.gamma.redoxstage.com,True
redox_bbp,eets.gamma.redoxstage.com,True
redox_bbp,evening-earth.gamma.redoxstage.com,True
redox_bbp,gamma.redoxstage.com,True
redox_bbp,launch.gamma.redoxstage.com,True
redox_bbp,sftp.gamma.redoxstage.com,True
redox_bbp,webhooks.gamma.redoxstage.com,True
redox_bbp,docs.redoxengine.com,True
redox_bbp,fhir.redoxengine.com,True
redox_bbp,explore.redoxengine.com,True
redox_bbp,www.redoxengine.com,True
redox_bbp,help.redoxengine.com,True
tecno,www.mobile-phantom.com,True
tecno,*.palm.tech,True
tecno,www.tecno-mobile.com,True
tecno,security.tecno.com,True
tecno,*.palm.tech,True
tecno,www.tecno-mobile.com,True
tecno,www.boomplay.com,True
tecno,security.tecno.com,True
tecno,www.mobile-phantom.com,True
visa,www.visa.com.tw,True
visa,www.visa.com.cn,True
visa,www.visa.com.hk,True
visa,www.visa.com.lc,True
visa,www.visa.com.ph,True
visa,visa.com.ua,True
visa,www.visa.co.jp,True
visa,www.yellowpepper.com,True
visa,www.fraedom.com,True
visa,www.practicalmoneyskills.com,True
visa,www.practicalmoneyskills.org,True
visa,bb.visa.com,True
visa,www.visa.com.mx,True
visa,visa.com.ru,True
visa,www.visa.com.cy,True
visa,www.visa.com.ge,True
visa,www.visa.com.hr,True
visa,visa.com.jm,True
visa,www.visa.com.ms,True
visa,www.visa.com.my,True
visa,www.visa.com.sg,True
visa,www.visa.com.vn,True
visa,www.visa.co.ao,True
visa,www.visa.co.in,True
visa,www.visa.co.nz,True
visa,www.currencycloud.com,True
visa,aw.visa.com,True
visa,bq.visa.com,True
visa,www.visa.com.kh,True
visa,www.visa.co.il,True
visa,visa.co.ni,True
visa,www.cardinalcommerce.com,True
visa,usa.visa.com,True
visa,bm.visa.com,True
visa,visa.com.au,True
visa,www.visa.co.id,True
visa,www.visa.co.ke,True
visa,www.visa.co.th,True
visa,www.visa.co.uk,True
visa,www.visa.co.ve,True
visa,visa.co.za,True
visa,www.cybersource.com,True
visa,www.authorize.net,True
visa,cw.visa.com,True
visa,ht.visa.com,True
visa,www.visa.com.az,True
visa,www.visa.com.kz,True
visa,www.visa.com.lk,True
visa,www.visa.com.ng,True
visa,www.visa.com.tr,True
visa,aw.visa.com,True
visa,bb.visa.com,True
visa,bd.visa.com,True
visa,bm.visa.com,True
visa,bq.visa.com,True
visa,cw.visa.com,True
visa,ht.visa.com,True
visa,www.visa.com.br,True
visa,www.visa.com.mx,True
visa,www.visa.com.tw,True
visa,visa.com.ru,True
visa,visa.com.au,True
visa,www.visa.com.az,True
visa,www.visa.com.cn,True
visa,www.visa.com.cy,True
visa,www.visa.com.ge,True
visa,www.visa.com.hk,True
visa,www.visa.com.hr,True
visa,visa.com.jm,True
visa,www.visa.com.kh,True
visa,www.visa.com.kz,True
visa,www.visa.com.lc,True
visa,www.visa.com.lk,True
visa,www.visa.com.ms,True
visa,www.visa.com.my,True
visa,www.visa.com.ng,True
visa,www.visa.com.ph,True
visa,www.visa.com.sg,True
visa,www.visa.com.tr,True
visa,visa.com.ua,True
visa,www.visa.com.vn,True
visa,www.visa.co.ao,True
visa,visa.co.cr,True
visa,www.visa.co.id,True
visa,www.visa.co.il,True
visa,www.visa.co.in,True
visa,www.visa.co.jp,True
visa,www.visa.co.ke,True
visa,visa.co.ni,True
visa,www.visa.co.nz,True
visa,www.visa.co.th,True
visa,www.visa.co.uk,True
visa,www.visa.co.ve,True
visa,visa.co.za,True
visa,www.cybersource.com,True
visa,www.authorize.net,True
visa,www.cardinalcommerce.com,True
visa,www.currencycloud.com,True
visa,www.yellowpepper.com,True
visa,www.fraedom.com,True
visa,usa.visa.com,True
visa,www.tink.com,True
visa,www.practicalmoneyskills.com,True
visa,www.practicalbusinessskills.org,True
visa,www.practicalmoneyskills.org,True
daimler_truck,*omniplus.com,False
daimler_truck,*exceleratorparts.com,False
daimler_truck,*.setra.de,False
daimler_truck,*.mercedes-benz-trucks.com,False
daimler_truck,*detroitconnect.com,False
daimler_truck,*.daimlertruck.com,False
daimler_truck,*.westernstar.com,False
daimler_truck,*fleetboard.de,False
daimler_truck,*.freightliner.com,False
daimler_truck,*.bharatbenz.com,False
daimler_truck,*evobus.com,False
daimler_truck,*.mitsubishi-fuso.com,False
daimler_truck,*fleetboard.com,False
daimler_truck,*exceleratorparts.com,False
daimler_truck,*.mercedes-benz-trucks.com,False
daimler_truck,*.mitsubishi-fuso.com,False
daimler_truck,*.westernstar.com,False
daimler_truck,*.bharatbenz.com,False
daimler_truck,*.setra.de,False
daimler_truck,*.daimlertruck.com,False
daimler_truck,*evobus.com,False
daimler_truck,*omniplus.com,False
daimler_truck,*fleetboard.de,False
daimler_truck,*fleetboard.com,False
daimler_truck,*.freightliner.com,False
daimler_truck,*detroitconnect.com,False
fifth_third_bank_vdp,*53.com,False
fifth_third_bank_vdp,*53.com,False
truist_financial,https://www.mcgriff.com,False
truist_financial,https://www.gotapco.com,False
truist_financial,https://secure.gotapco.com,False
clarivate,cpaglobal.ru,False
clarivate,compumark.blog,False
clarivate,compumark.cf,False
clarivate,compumark.com.br,False
clarivate,compumark.com.es,False
clarivate,compumark.co.uk,False
clarivate,compumark.de,False
clarivate,compumark.es,False
clarivate,compumark.eu,False
clarivate,compumark.fr,False
clarivate,compumark.info,False
clarivate,compumark.jp,False
clarivate,compumarks.com,False
clarivate,computer-central.com,False
clarivate,corporateintelligence.com,False
clarivate,corporateintelligence.org,False
clarivate,cpainproma.co.uk,False
clarivate,cpa-inproma.org,False
clarivate,cpaintellevate.com,False
clarivate,cpa-memostart.biz,False
clarivate,cpa-memostart.net,False
clarivate,cpamemostart.net,False
clarivate,cpamemostart.org,False
clarivate,cpamemostart.org.uk,False
clarivate,cpamemotech.net,False
clarivate,derwent.at,False
clarivate,derwent.co.in,False
clarivate,derwent.co.uk,False
clarivate,derwent.de,False
clarivate,derwent.fr,False
clarivate,derwent-geneseq.com,False
clarivate,derwent-genseq.com,False
clarivate,derwent.gq,False
clarivate,derwent-innovations-index.com,False
clarivate,derwentinnovationsindex.com,False
clarivate,derwent.mobi,False
clarivate,derwentsurveyor.com,False
clarivate,derwent.uk,False
clarivate,derwentwpi.com,False
clarivate,dev-scholarone.com,False
clarivate,discoverderwent.com,False
clarivate,drgabacus.biz,False
clarivate,drganswers.com,False
clarivate,drgaws.com,False
clarivate,drginsight.com,False
clarivate,drgpayersandproviders.com,False
clarivate,endnote360.com,False
clarivate,endnote.fi,False
clarivate,endnote.in,False
clarivate,endnote.jp,False
clarivate,cpaglobal.ru,False
clarivate,authorconnect-webofscience.com,False
clarivate,authorconnectwebofscience.com,False
clarivate,authorconnectwebofscience-list.com,False
clarivate,compumark.app,False
clarivate,compumark.asia,False
clarivate,compumark.at,False
clarivate,compumark.biz,False
clarivate,compumark.blog,False
clarivate,compu-mark.ca,False
clarivate,compumark.cc,False
clarivate,compumark.cf,False
clarivate,compumark.ch,False
clarivate,compumark.club,False
clarivate,compumark.co,False
clarivate,compumark.co.in,False
clarivate,compumark.co.kr,False
clarivate,compu-mark.com,False
clarivate,compumark.com,False
clarivate,compumark.com.au,False
clarivate,compumark.com.br,False
clarivate,compumark.com.cn,False
clarivate,compumark.com.es,False
clarivate,compumark.co.nz,False
clarivate,compumark.co.uk,False
clarivate,compumark.cz,False
clarivate,compumark.de,False
clarivate,compumark.dev,False
clarivate,compumark.dk,False
clarivate,compumark.es,False
clarivate,compumark.eu,False
clarivate,compumark.fr,False
clarivate,compumark.ga,False
clarivate,compumark.gay,False
clarivate,compumark.gq,False
clarivate,compumark.in,False
clarivate,compumark.info,False
clarivate,compumark.it,False
clarivate,compumark.jp,False
clarivate,compumark.kr,False
clarivate,compumark.me,False
clarivate,compumark.net,False
clarivate,compumark.org,False
clarivate,compumark.page,False
clarivate,compumark.pl,False
clarivate,compumark.pro,False
clarivate,compumark.ru,False
clarivate,compumarks.com,False
clarivate,compumark.se,False
clarivate,compumark.tech,False
clarivate,compumark.top,False
clarivate,compumark.uk,False
clarivate,compumark.us,False
clarivate,compumark.xxx,False
clarivate,compumark.xyz,False
clarivate,computer-central.com,False
clarivate,consultingdrg.com,False
clarivate,consultingdrgroup.com,False
clarivate,corporate-intelligence.com,False
clarivate,corporateintelligence.com,False
clarivate,corporate-intelligence.net,False
clarivate,corporateintelligence.net,False
clarivate,corporate-intelligence.org,False
clarivate,corporateintelligence.org,False
clarivate,cpagolbal.com,False
clarivate,cpa-inproma.biz,False
clarivate,cpainproma.biz,False
clarivate,cpa-inproma.com,False
clarivate,cpainproma.com,False
clarivate,cpainproma.co.uk,False
clarivate,cpa-inproma.info,False
clarivate,cpainproma.info,False
clarivate,cpa-inproma.net,False
clarivate,cpainproma.net,False
clarivate,cpa-inproma.org,False
clarivate,cpainproma.org,False
clarivate,cpainproma.uk,False
clarivate,cpa-inprostart.biz,False
clarivate,cpainprostart.biz,False
clarivate,cpa-inprostart.com,False
clarivate,cpainprostart.com,False
clarivate,cpainprostart.co.uk,False
clarivate,cpa-inprostart.info,False
clarivate,cpainprostart.info,False
clarivate,cpa-inprostart.net,False
clarivate,cpainprostart.net,False
clarivate,cpa-inprostart.org,False
clarivate,cpainprostart.org,False
clarivate,cpainprostart.uk,False
clarivate,cpaintellevate.com,False
clarivate,cpa-memostart.biz,False
clarivate,cpamemostart.biz,False
clarivate,cpa-memostart.com,False
clarivate,cpamemostart.com,False
clarivate,cpamemostart.co.uk,False
clarivate,cpa-memostart.info,False
clarivate,cpamemostart.info,False
clarivate,cpa-memostart.net,False
clarivate,cpamemostart.net,False
clarivate,cpa-memostart.org,False
clarivate,cpamemostart.org,False
clarivate,cpamemostart.org.uk,False
clarivate,cpamemostart.uk,False
clarivate,cpa-memotech.biz,False
clarivate,cpamemotech.biz,False
clarivate,cpa-memotech.com,False
clarivate,cpamemotech.com,False
clarivate,cpamemotech.co.uk,False
clarivate,cpa-memotech.eu,False
clarivate,cpa-memotech.info,False
clarivate,cpamemotech.info,False
clarivate,cpa-memotech.net,False
clarivate,cpamemotech.net,False
clarivate,cpa-memotech.org,False
clarivate,cpamemotech.org,False
clarivate,cpamemotech.uk,False
clarivate,cpa-memotech.us,False
clarivate,derwent.app,False
clarivate,derwent.at,False
clarivate,derwent.be,False
clarivate,derwent.biz,False
clarivate,derwent.blog,False
clarivate,derwent.cc,False
clarivate,derwent.cf,False
clarivate,derwent.ch,False
clarivate,derwent.club,False
clarivate,derwent.co,False
clarivate,derwent.co.in,False
clarivate,derwent.co.kr,False
clarivate,derwent.com,False
clarivate,derwent.com.mx,False
clarivate,derwent.co.uk,False
clarivate,derwent.co.za,False
clarivate,derwent.cz,False
clarivate,derwentdataanalyser.com,False
clarivate,derwentdataanalyzer.com,False
clarivate,derwent.de,False
clarivate,derwent.dev,False
clarivate,derwent-drug-file.com,False
clarivate,derwent.fr,False
clarivate,derwent.ga,False
clarivate,derwent.gay,False
clarivate,derwent-geneseq.com,False
clarivate,derwentgeneseq.com,False
clarivate,derwent-genseq.com,False
clarivate,derwent.gq,False
clarivate,derwent.in,False
clarivate,derwent.info,False
clarivate,derwentinnovation.com,False
clarivate,derwent-innovations-index.com,False
clarivate,derwentinnovationsindex.com,False
clarivate,derwent.it,False
clarivate,derwent.jp,False
clarivate,derwentlearning.com,False
clarivate,derwent.me,False
clarivate,derwent.mobi,False
clarivate,derwentnavigator.com,False
clarivate,derwent.page,False
clarivate,derwent.se,False
clarivate,derwentsequencebase.com,False
clarivate,derwentsurveyor.com,False
clarivate,derwent.top,False
clarivate,derwent.uk,False
clarivate,derwent-wda.com,False
clarivate,derwentwda.com,False
clarivate,derwentworldpatentsindex.com,False
clarivate,derwentwpi.com,False
clarivate,derwent.xyz,False
clarivate,dev-scholarone.com,False
clarivate,discoverderwent.com,False
clarivate,drgabacus.biz,False
clarivate,drgabacus.co,False
clarivate,drgabacus.com,False
clarivate,drgabacus.co.uk,False
clarivate,drgabacus.info,False
clarivate,drgabacus.net,False
clarivate,drgabacus.org,False
clarivate,drg-adaptive.com,False
clarivate,drgadaptive.com,False
clarivate,drgadaptive.info,False
clarivate,drgadaptive.net,False
clarivate,drgadaptive.org,False
clarivate,drgadaptivesoftware.com,False
clarivate,drgadaptivesoftware.info,False
clarivate,drgadaptivesoftware.net,False
clarivate,drgadaptivesoftware.org,False
clarivate,drg.am,False
clarivate,drganswers.com,False
clarivate,drgapps.com,False
clarivate,drgaws.com,False
clarivate,drg.bz,False
clarivate,drgcensusinfo.com,False
clarivate,drgco.com,False
clarivate,drgconferences.com,False
clarivate,drgconsult.com,False
clarivate,drg-consulting.com,False
clarivate,drgconsultingservices.com,False
clarivate,drgdeveloper.com,False
clarivate,drg.digital,False
clarivate,drgdigital.com,False
clarivate,drggateway.com,False
clarivate,drgguest.com,False
clarivate,drg.healthcare,False
clarivate,drginsight.com,False
clarivate,drgknowsacos.com,False
clarivate,drgknowsoncology.com,False
clarivate,drg-labs.com,False
clarivate,drgmedtech.com,False
clarivate,drgoncology.com,False
clarivate,drgpatientjourney.com,False
clarivate,drgpayersandproviders.com,False
clarivate,drgplatform.com,False
clarivate,drgprofessionalservices.com,False
clarivate,drgresearch.com,False
clarivate,drgroupconsulting.com,False
clarivate,drgsites.com,False
clarivate,drgspeakers.com,False
clarivate,drgtrainingprograms.com,False
clarivate,endnote360.com,False
clarivate,endnote360.net,False
clarivate,endnote360.org,False
clarivate,endnote.app,False
clarivate,endnote.at,False
clarivate,endnote.biz,False
clarivate,endnote.ca,False
clarivate,endnote.ch,False
clarivate,endnote.co.in,False
clarivate,end-note.com,False
clarivate,endnote.com,False
clarivate,end-note.com.au,False
clarivate,endnote.com.au,False
clarivate,endnote.co.nz,False
clarivate,endnote.dev,False
clarivate,endnote.es,False
clarivate,endnote.eu,False
clarivate,endnote.fi,False
clarivate,endnote.fr,False
clarivate,endnote.ie,False
clarivate,endnote.in,False
clarivate,endnote.info,False
clarivate,endnote.jp,False
clarivate,endnote.kr,False
clarivate,endnote.me,False
clarivate,endnote.net,False
clarivate,endnote.org.uk,False
clarivate,endnote.page,False
clarivate,endnote.pl,False
clarivate,endnoter.com,False
clarivate,endnote.ru,False
clarivate,endnote.se,False
clarivate,endnote.software,False
clarivate,endnote-students.com,False
clarivate,endnote.support,False
clarivate,endnote.training,False
clarivate,endnote.tw,False
clarivate,endnote.us,False
clarivate,endnoteweb.com,False
clarivate,endnote-x7.at,False
clarivate,endnote-x7.de,False
clarivate,endnote-x8.at,False
clarivate,endnote-x8.de,False
clarivate,endnote-x9.at,False
clarivate,endnote-x9.de,False
clarivate,endnote.xxx,False
clarivate,endnote.xyz,False
clarivate,fipnews.com,False
clarivate,first2file.com,False
clarivate,first2file.net,False
clarivate,first2file.org,False
clarivate,firstofile.com,False
clarivate,firstofile.net,False
clarivate,firsttofile.com,False
clarivate,firsttofile.co.uk,False
clarivate,firsttofile.net,False
clarivate,firsttofile.org,False
clarivate,firsttofile.uk,False
clarivate,foundationip.com,False
clarivate,foundationip.eu,False
clarivate,foundationipnews.com,False
clarivate,ftfapp.net,False
clarivate,ftftech.com,False
clarivate,ftftech.info,False
clarivate,ftftech.net,False
clarivate,ftftechnologies.com,False
clarivate,ftftechnologies.info,False
clarivate,ftftechnologies.net,False
clarivate,ftftechnologies.org,False
clarivate,ftftech.org,False
clarivate,incopat.asia,False
clarivate,incopat.beer,False
clarivate,incopat.biz,False
clarivate,incopat.city,False
clarivate,incopat.cloud,False
clarivate,incopat.cn,False
clarivate,incopat.co,False
clarivate,incopat.com,False
clarivate,incopat.com.cn,False
clarivate,incopat.cool,False
clarivate,incopat.design,False
clarivate,incopat.fit,False
clarivate,incopat.fun,False
clarivate,incopat.gold,False
clarivate,incopat.group,False
clarivate,incopat.icu,False
clarivate,incopat.info,False
clarivate,incopat.ink,False
clarivate,incopat.kim,False
clarivate,incopat.life,False
clarivate,incopat.live,False
clarivate,incopat.love,False
clarivate,incopat.ltd,False
clarivate,incopat.luxe,False
clarivate,incopat.mobi,False
clarivate,incopat.name,False
clarivate,incopat.net,False
clarivate,incopat.net.cn,False
clarivate,incopat.online,False
clarivate,incopat.org,False
clarivate,incopat.org.cn,False
clarivate,incopat.plus,False
clarivate,incopat.press,False
clarivate,incopat.pro,False
clarivate,incopat.pub,False
clarivate,incopat.red,False
clarivate,incopat.ren,False
clarivate,incopat.run,False
clarivate,incopat.shop,False
clarivate,incopat.show,False
clarivate,incopat.site,False
clarivate,incopat.space,False
clarivate,incopat.store,False
clarivate,incopat.tech,False
clarivate,incopat.today,False
clarivate,incopat.tv,False
clarivate,incopat.video,False
clarivate,incopat.wang,False
clarivate,incopat.website,False
clarivate,incopat.wiki,False
clarivate,incopat.work,False
clarivate,incopat.world,False
clarivate,incopat.xn--55qx5d,False
clarivate,incopat.xn--6qq986b3xl,False
clarivate,incopat.xn--fiqs8s,False
clarivate,incopat.xn--io0a7i,False
clarivate,incopat.xn--xhq521b,False
clarivate,incopat.xyz,False
clarivate,incopat.yoga,False
clarivate,inprowiki.com,False
clarivate,ipfolio.cc,False
clarivate,ipfolio.co,False
clarivate,ipfolio.com,False
clarivate,ipfolio.in,False
clarivate,ipfolio.info,False
clarivate,ipfolio.net,False
clarivate,ipfolios.com,False
clarivate,isiwebofscience.biz,False
clarivate,isiwebofscience.com,False
clarivate,isiwebofscience.info,False
clarivate,isiwebofscience.net,False
clarivate,journalcitationreports.biz,False
clarivate,journalcitationreports.cn,False
clarivate,journalcitationreports.com,False
clarivate,journalcitationreports.com.cn,False
clarivate,journalcitationreports.co.uk,False
clarivate,journalcitationreports.de,False
clarivate,journalcitationreports.info,False
clarivate,journalcitationreports.net,False
clarivate,journalcitationreports.org,False
clarivate,journalcitationreports.ru,False
clarivate,journalcitationreports.tk,False
clarivate,journalcitationreports.uk,False
clarivate,journalcitationreports.us,False
clarivate,journalcitationreports.xxx,False
clarivate,marketrack360.com,False
clarivate,marketrack.net,False
clarivate,mark-monitor.at,False
clarivate,mark-monitor.be,False
clarivate,mark-monitor.biz,False
clarivate,mark-monitor.ca,False
clarivate,mark-monitor.cc,False
clarivate,mark-monitor.ch,False
clarivate,mark-monitor.cn,False
clarivate,mark-monitor.com,False
clarivate,mark-monitor.com.au,False
clarivate,mark-monitor.com.mx,False
clarivate,mark-monitor.co.uk,False
clarivate,mark-monitor.dk,False
clarivate,mark-monitor.es,False
clarivate,mark-monitor.eu,False
clarivate,mark-monitor.info,False
clarivate,mark-monitor.it,False
clarivate,mark-monitor.mx,False
clarivate,mark-monitor.net,False
clarivate,mark-monitor.nl,False
clarivate,mark-monitor.org,False
clarivate,mark-monitor.ru,False
clarivate,mark-monitor.tv,False
clarivate,mark-monitor.us,False
clarivate,mark-monitor.ws,False
clarivate,markprobe.com,False
clarivate,markpro.co.kr,False
clarivate,markpro.com,False
clarivate,markrnonitor.com,False
clarivate,mdcip.com,False
clarivate,memotechasp.com,False
clarivate,memotech.biz,False
clarivate,memotechis.com,False
clarivate,memotechnews.com,False
clarivate,msclinicaltrials.ca,False
clarivate,myendnoteweb.com,False
clarivate,myendoteweb.com,False
clarivate,prod-compumark.com,False
clarivate,scholaroneabstracts.com,False
clarivate,scholaronebooks.com,False
clarivate,scholarone.com,False
clarivate,scholaronegrantsawards.com,False
clarivate,scholaronemanuscripts.com,False
clarivate,scholarone.net,False
clarivate,scholarone.org,False
clarivate,scholaroneproceedings.com,False
clarivate,scholaroneproduction.com,False
clarivate,scholarone.xxx,False
clarivate,theipmanagementsystem.com,False
clarivate,theipmanagementsystems.com,False
clarivate,trademark-watching.biz,False
clarivate,trademarkwatching.biz,False
clarivate,trademarkwatching.com,False
clarivate,trademarkwatching.co.uk,False
clarivate,trademark-watching.info,False
clarivate,trademarkwatching.info,False
clarivate,trademark-watching.jp,False
clarivate,trademarkwatching.net,False
clarivate,trademarkwatching.org,False
clarivate,trademarkwatching.org.uk,False
clarivate,trademarkwatching.uk,False
clarivate,unycom.at,False
clarivate,unycom.com,False
clarivate,unycom.de,False
clarivate,unycom.eu,False
clarivate,unycom.in,False
clarivate,unycom.jp,False
clarivate,unycom-online.com,False
clarivate,unycom.us,False
clarivate,webofscience.app,False
clarivate,webofscience.asia,False
clarivate,webofscience.at,False
clarivate,webofscience-authorconnect.com,False
clarivate,webofscienceauthorconnect.com,False
clarivate,webofscienceauthorconnect-list.com,False
clarivate,webofscience.be,False
clarivate,webofscience.biz,False
clarivate,webofscience.blog,False
clarivate,webofscience.ca,False
clarivate,webofscience.cf,False
clarivate,webofscience.ch,False
clarivate,webofscience.club,False
clarivate,webofscience.co,False
clarivate,webofscience.co.in,False
clarivate,webofscience.co.kr,False
clarivate,web-of-science.com,False
clarivate,webofscience.com,False
clarivate,webofscience.com.au,False
clarivate,webofscience.com.cn,False
clarivate,webofscience.com.mx,False
clarivate,webofscience.co.nz,False
clarivate,webofscience.co.uk,False
clarivate,webofscience.co.za,False
clarivate,webofscience.cz,False
clarivate,webofscience.dev,False
clarivate,webofscience.dk,False
clarivate,webofscience.es,False
clarivate,webofscience.eu,False
clarivate,webofscience.fr,False
clarivate,webofscience.ga,False
clarivate,webofscience.gay,False
clarivate,webofscience.gq,False
clarivate,webofsciencegroup.asia,False
clarivate,webofsciencegroup.at,False
clarivate,webofsciencegroup.be,False
clarivate,webofsciencegroup.biz,False
clarivate,webofsciencegroup.ca,False
clarivate,webofsciencegroup.cc,False
clarivate,webofsciencegroup.cf,False
clarivate,webofsciencegroup.ch,False
clarivate,webofsciencegroup.cl,False
clarivate,webofsciencegroup.club,False
clarivate,webofsciencegroup.co,False
clarivate,webofsciencegroup.co.in,False
clarivate,webofsciencegroup.co.kr,False
clarivate,webofsciencegroup.com,False
clarivate,webofsciencegroup.com.ar,False
clarivate,webofsciencegroup.com.au,False
clarivate,webofsciencegroup.com.br,False
clarivate,webofsciencegroup.com.mx,False
clarivate,webofsciencegroup.com.pl,False
clarivate,webofsciencegroup.com.tw,False
clarivate,webofsciencegroup.co.nz,False
clarivate,webofsciencegroup.co.uk,False
clarivate,webofsciencegroup.co.za,False
clarivate,webofsciencegroup.cz,False
clarivate,webofsciencegroup.de,False
clarivate,webofsciencegroup.dk,False
clarivate,webofsciencegroup.es,False
clarivate,webofsciencegroup.eu,False
clarivate,webofsciencegroup.fi,False
clarivate,webofsciencegroup.fr,False
clarivate,webofsciencegroup.ga,False
clarivate,webofsciencegroup.gr,False
clarivate,webofsciencegroup.hk,False
clarivate,webofsciencegroup.hu,False
clarivate,webofsciencegroup.in,False
clarivate,webofsciencegroup.info,False
clarivate,webofsciencegroup.it,False
clarivate,webofsciencegroup.jp,False
clarivate,webofsciencegroup.kr,False
clarivate,webofsciencegroup.me,False
clarivate,webofsciencegroup.mobi,False
clarivate,webofsciencegroup.mx,False
clarivate,webofsciencegroup.net,False
clarivate,webofsciencegroup.nl,False
clarivate,webofsciencegroup.no,False
clarivate,webofsciencegroup.org,False
clarivate,webofsciencegroup.pl,False
clarivate,webofsciencegroup.pt,False
clarivate,webofsciencegroup.ro,False
clarivate,webofsciencegroup.ru,False
clarivate,webofsciencegroup.se,False
clarivate,webofsciencegroup.sk,False
clarivate,webofsciencegroup.tk,False
clarivate,webofsciencegroup.top,False
clarivate,webofsciencegroup.tv,False
clarivate,webofsciencegroup.tw,False
clarivate,webofsciencegroup.uk,False
clarivate,webofsciencegroup.us,False
clarivate,webofscience.in,False
clarivate,webofscience.info,False
clarivate,webofscience.it,False
clarivate,webofscience.jp,False
clarivate,webofscience.me,False
clarivate,webofscience.mobi,False
clarivate,webofscience.net,False
clarivate,webofscience.nl,False
clarivate,web-of-science.org,False
clarivate,webofscience.page,False
clarivate,webofscience.pl,False
clarivate,webofscience.se,False
clarivate,webofscience.uk,False
clarivate,webofscience.us,False
clarivate,webofscience.xyz,False
clarivate,wila-derwent.com,False
clarivate,03al1450.com,False
clarivate,03mn1500.com,False
clarivate,04ag1525.com,False
clarivate,0510billing.com,False
clarivate,05yo1560.com,False
clarivate,09ek1225.com,False
clarivate,100topinnovators.com,False
clarivate,123demo-domainz.biz,False
clarivate,123demo-domainz.com,False
clarivate,123demo-domainz.co.uk,False
clarivate,123demo-domainz.net,False
clarivate,123demo-domainz.org,False
clarivate,123efgdemo-domainz.net,False
clarivate,123mmdemodomains.co.uk,False
clarivate,123mmdemodomains.info,False
clarivate,124mmdemodomains.info,False
clarivate,1790.com,False
clarivate,1790.net,False
clarivate,1790.org,False
clarivate,1registrytest.com,False
clarivate,1st2file.com,False
clarivate,1st2file.net,False
clarivate,1stedit.com,False
clarivate,247realmedia.fr,False
clarivate,3dnma.com,False
clarivate,6degreesofcitation.com,False
clarivate,ab123domains.info,False
clarivate,ab123domains.net,False
clarivate,ab123domains.org,False
clarivate,ab124domains.info,False
clarivate,ab124domains.net,False
clarivate,abacusdatamanagement.com,False
clarivate,abacusint.com,False
clarivate,abacusint.info,False
clarivate,abacusvalue.com,False
clarivate,abacusvalue.co.uk,False
clarivate,aboutaxspa.ca,False
clarivate,aboutproquest.com,False
clarivate,aboutproquest.net,False
clarivate,abstractcentral.com,False
clarivate,academic-e-books.com,False
clarivate,academichelp.com,False
clarivate,academicvideoonline.com,False
clarivate,academicvideostore.com,False
clarivate,accelanation.com,False
clarivate,acceleratingthepaceofinnovation.com,False
clarivate,accesspolaris.com,False
clarivate,acetheclass.com,False
clarivate,acetheclass.net,False
clarivate,acetheclass.org,False
clarivate,acethecourse.com,False
clarivate,acethecourse.net,False
clarivate,acethecourse.org,False
clarivate,aclasta.ca,False
clarivate,activatenetwork.net,False
clarivate,activatenetworks.net,False
clarivate,adakveo.ca,False
clarivate,adaptiverx.com,False
clarivate,adaptivesoftware.com,False
clarivate,adaptivesoftware.net,False
clarivate,adaptsw.com,False
clarivate,advancedpatents.com,False
clarivate,advancedpatentsearch.com,False
clarivate,advancedpatentservices.com,False
clarivate,afinitor.ca,False
clarivate,afinitor.com,False
clarivate,afinitrac.ca,False
clarivate,agll.com,False
clarivate,ahfacademy.ca,False
clarivate,aia-award.com,False
clarivate,aidermoncoeur.ca,False
clarivate,aimovigdirect.ca,False
clarivate,aimovig-pro.ca,False
clarivate,aimovigtraining.ca,False
clarivate,aktistry.ca,False
clarivate,aktor-kt.com,False
clarivate,alecto.com,False
clarivate,alecto.co.uk,False
clarivate,alecto.net,False
clarivate,alecto.us,False
clarivate,alexanderst.com,False
clarivate,alexanderstreet2.com,False
clarivate,alexanderstreet4a.com,False
clarivate,alexanderstreet4b.com,False
clarivate,alexanderstreet4.com,False
clarivate,alexanderstreet5.com,False
clarivate,alexanderstreet6.com,False
clarivate,alexanderstreet.com,False
clarivate,alexanderstreet.co.uk,False
clarivate,alexanderstreet.press,False
clarivate,alexanderstreetpress.com,False
clarivate,alidomaintest123.com,False
clarivate,alldomiandsklaj.de,False
clarivate,allicense.com,False
clarivate,allresultsweb.fr,False
clarivate,allwhois.asia,False
clarivate,allwhois.biz,False
clarivate,allwhois.com,False
clarivate,allwhois.co.uk,False
clarivate,alongsidems.ca,False
clarivate,alpha-brandy.biz,False
clarivate,americainvents.info,False
clarivate,amnuscriptcentral.com,False
clarivate,amr-data.com,False
clarivate,amr-europe.com,False
clarivate,amrkmonitor.com,False
clarivate,amrresourcecompass.com,False
clarivate,amzig.ca,False
clarivate,andrewjohnson.com,False
clarivate,annonces-uber.fr,False
clarivate,annoncesuber.fr,False
clarivate,anthealanguages.be,False
clarivate,anthealanguages.com,False
clarivate,anthealanguages.eu,False
clarivate,anthealanguages.fr,False
clarivate,anthealanguages.net,False
clarivate,anthealanguages.nl,False
clarivate,anthropologycommons.com,False
clarivate,anthropologycommons.info,False
clarivate,anthropologycommons.net,False
clarivate,anthropologycommons.org,False
clarivate,anthropologycommons.tv,False
clarivate,anthropologylibrary.com,False
clarivate,anthropologylibrary.org,False
clarivate,antiphraud.com,False
clarivate,anuscriptcentral.com,False
clarivate,apgrada.ca,False
clarivate,apicomesfirst.com,False
clarivate,appliedhealthintelligence.ai,False
clarivate,appliedhealthintelligence.com,False
clarivate,appnexus.fr,False
clarivate,apspatents.com,False
clarivate,aquabrowser.be,False
clarivate,aquabrowser.com,False
clarivate,aramarksurvey.com,False
clarivate,arararar.co.za,False
clarivate,archiveconnect.com,False
clarivate,archiveconnect.net,False
clarivate,archiveconnect.org,False
clarivate,archiverunbound.com,False
clarivate,archiverunbound.net,False
clarivate,archiverunbound.org,False
clarivate,archivestore.com,False
clarivate,archivestore.net,False
clarivate,archivestore.org,False
clarivate,areare.biz,False
clarivate,aredia.ca,False
clarivate,arkmonitor.com,False
clarivate,artectura.ca,False
clarivate,articleregistration.com,False
clarivate,artificialtears.ca,False
clarivate,artinst.net,False
clarivate,arzerra.ca,False
clarivate,asiafilms.org,False
clarivate,asianpacificfilms.com,False
clarivate,asianpacificfilms.mobi,False
clarivate,asianpacificfilms.org,False
clarivate,asiapacificfilms.com,False
clarivate,asiapacificfilms.net,False
clarivate,asiapacificfilms.tv,False
clarivate,asignia.com,False
clarivate,ask-alia.com,False
clarivate,askproquest.com,False
clarivate,askyourderm.com,False
clarivate,aspmu.co,False
clarivate,aspmu.info,False
clarivate,aspmu.net,False
clarivate,aspmu.org,False
clarivate,aspreports.com,False
clarivate,aspresolver.com,False
clarivate,asp.to,False
clarivate,assetscentral.com,False
clarivate,assetscentral.net,False
clarivate,assetscentral.org,False
clarivate,asthma.study,False
clarivate,astreetpress.com,False
clarivate,astrolabeanalytica.com,False
clarivate,atalyte.com,False
clarivate,atalytesolutions.com,False
clarivate,atectra.ca,False
clarivate,atmospeer.net,False
clarivate,atmospeer.org,False
clarivate,atouchofcare.ca,False
clarivate,atozdomainsmarket.com,False
clarivate,attectur.ca,False
clarivate,attorneyjobs.com,False
clarivate,attorneyjobs.net,False
clarivate,attorneyjobsonline.com,False
clarivate,attorneyjobs.org,False
clarivate,aurekaonline.com,False
clarivate,aurekaontap.com,False
clarivate,aurigin.com,False
clarivate,aurigin.net,False
clarivate,auriginonline.com,False
clarivate,authoresolver.com,False
clarivate,authorresolver.com,False
clarivate,authorsubmission.com,False
clarivate,auto-brandy.biz,False
clarivate,autotrack.com,False
clarivate,avedas.com,False
clarivate,avedas.de,False
clarivate,avedas.org,False
clarivate,aviant.biz,False
clarivate,aviationposters.org,False
clarivate,axiompress.biz,False
clarivate,axiompress.com,False
clarivate,axiompress.net,False
clarivate,axiompress.org,False
clarivate,axiompublishers.biz,False
clarivate,axiompublishers.com,False
clarivate,axiompublishers.info,False
clarivate,axiompublishers.net,False
clarivate,axiompublishers.org,False
clarivate,azopt.ca,False
clarivate,b2rmusic.com,False
clarivate,b2rstore.com,False
clarivate,bakerdomains.com,False
clarivate,bakerdomains.co.uk,False
clarivate,bankmonitoringonline.com,False
clarivate,base-brandy.biz,False
clarivate,bbanalysis.com,False
clarivate,bcyearbook.com,False
clarivate,beigene.fr,False
clarivate,beovu-enrollpref.com,False
clarivate,beovuu.ca,False
clarivate,beringbusiness.com,False
clarivate,beringbusinessguide.com,False
clarivate,beringbusinessguides.com,False
clarivate,beringbusiness.net,False
clarivate,beringguide.com,False
clarivate,beringguides.com,False
clarivate,beringreports.com,False
clarivate,beringuide.com,False
clarivate,beringuides.com,False
clarivate,betoptic.ca,False
clarivate,betoptic-s.ca,False
clarivate,betteripprotectionthroughdeeperwebmining.biz,False
clarivate,betteripprotectionthroughdeeperwebmining.info,False
clarivate,biblioalerts.com,False
clarivate,bibliocenter.com,False
clarivate,bibliographies.net,False
clarivate,bienplusquemapeau.ca,False
clarivate,bigchalk.biz,False
clarivate,bigchalk.ca,False
clarivate,bigchalk.com,False
clarivate,bigchalkcommunity.com,False
clarivate,bigchalke.com,False
clarivate,bigchalk.info,False
clarivate,bigchalkmail.com,False
clarivate,bigchalkmail.net,False
clarivate,bigchalkmail.org,False
clarivate,bigchalk.net,False
clarivate,bigchalk.org,False
clarivate,bigchalk.org.uk,False
clarivate,bigchalkparent.com,False
clarivate,bigchalkstudent.com,False
clarivate,bigchalksucks.com,False
clarivate,bigchalksucks.net,False
clarivate,bigchalksucks.org,False
clarivate,bigchalksux.com,False
clarivate,bigchalksux.net,False
clarivate,bigchalksux.org,False
clarivate,bigchalkteacher.com,False
clarivate,bigchalktutor.com,False
clarivate,bigchalk.uk,False
clarivate,bigchalk.us,False
clarivate,bigchalk.ws,False
clarivate,bigchauk.com,False
clarivate,bigchaulk.net,False
clarivate,bigchaulk.org,False
clarivate,bigchawk.com,False
clarivate,bigchock.com,False
clarivate,bigfishgames.fr,False
clarivate,bigfishpremium.fr,False
clarivate,bigstock.fr,False
clarivate,bigstockphoto.fr,False
clarivate,billelmore.name,False
clarivate,bind.ca,False
clarivate,bindplus.com,False
clarivate,bindplus.net,False
clarivate,bindplus.org,False
clarivate,biocarepatientsupportprogram.ca,False
clarivate,biocomplexitycentral.com,False
clarivate,biocomplexitycentral.org,False
clarivate,biocomplexity.com,False
clarivate,biocomplexity.info,False
clarivate,biocomplexity.net,False
clarivate,biocomplexity.org,False
clarivate,bioinfogate.com,False
clarivate,bioinfogate.info,False
clarivate,bioinfogate.net,False
clarivate,bioinfogate.org,False
clarivate,biologicalabstracts.org,False
clarivate,biologybridge.com,False
clarivate,biologybridge.net,False
clarivate,biologybridge.org,False
clarivate,biology-browser.com,False
clarivate,biologybrowser.com,False
clarivate,biologybrowser.org,False
clarivate,biologyfinder.com,False
freshworks,yourdomain.freshservice.com,True
freshworks,yourdomain.freshcaller.com,True
freshworks,yourdomain.freshdesk.com,True
freshworks,yourdomain.freshchat.com,True
freshworks,yourdomain.freshdesk.com,True
freshworks,yourdomain.freshservice.com,True
freshworks,http://yourdomain.myfreshworks.com/crm,True
freshworks,yourdomain.freshchat.com,True
freshworks,yourdomain.freshcaller.com,True
mercadolibre_vdp,www.mercadolibre.com.pe,False
mercadolibre_vdp,www.mercadolibre.com.uy,False
mercadolibre_vdp,www.mercadolibre.com.co,False
mercadolibre_vdp,www.mercadolibre.com.mx,False
mercadolibre_vdp,www.mercadolibre.com.ar,False
mercadolibre_vdp,api.mercadolibre.com,False
mercadolibre_vdp,www.mercadolibre.cl,False
mercadolibre_vdp,www.mercadopago.com.co,False
mercadolibre_vdp,www.mercadopago.com.mx,False
mercadolibre_vdp,www.mercadopago.com.br,False
mercadolibre_vdp,api.mercadopago.com,False
mercadolibre_vdp,www.mercadopago.com.ar,False
mercadolibre_vdp,www.mercadopago.com.pe,False
mercadolibre_vdp,www.mercadopago.com.uy,False
mercadolibre_vdp,www.mercadopago.cl,False
mercadolibre_vdp,www.mercadolivre.com.br,False
mercadolibre_vdp,www.mercadolibre.cl,False
mercadolibre_vdp,api.mercadolibre.com,False
mercadolibre_vdp,api.mercadopago.com,False
mercadolibre_vdp,www.mercadolibre.com.ar,False
mercadolibre_vdp,www.mercadolibre.com.co,False
mercadolibre_vdp,www.mercadolibre.com.mx,False
mercadolibre_vdp,www.mercadolibre.com.pe,False
mercadolibre_vdp,www.mercadolibre.com.uy,False
mercadolibre_vdp,www.mercadolivre.com.br,False
mercadolibre_vdp,www.mercadopago.cl,False
mercadolibre_vdp,www.mercadopago.com.ar,False
mercadolibre_vdp,www.mercadopago.com.br,False
mercadolibre_vdp,www.mercadopago.com.co,False
mercadolibre_vdp,www.mercadopago.com.mx,False
mercadolibre_vdp,www.mercadopago.com.pe,False
mercadolibre_vdp,www.mercadopago.com.uy,False
kolesagroup,api.krisha.kz,True
kolesagroup,app.kolesa.kz,True
kolesagroup,id.kolesa.kz,True
kolesagroup,api.kolesa.kz,True
kolesagroup,avtoelon.uz,True
kolesagroup,m.krisha.kz,True
kolesagroup,app.avtoelon.uz,True
kolesagroup,kolesa.kz,True
kolesagroup,m.avtoelon.uz,True
kolesagroup,id.avtoelon.uz,True
kolesagroup,m.kolesa.kz,True
kolesagroup,app.krisha.kz,True
kolesagroup,api.avtoelon.uz,True
kolesagroup,krisha.kz,True
kolesagroup,kolesa.kz,True
kolesagroup,m.kolesa.kz,True
kolesagroup,krisha.kz,True
kolesagroup,m.krisha.kz,True
kolesagroup,avtoelon.uz,True
kolesagroup,m.avtoelon.uz,True
kolesagroup,api.kolesa.kz,True
kolesagroup,app.kolesa.kz,True
kolesagroup,id.kolesa.kz,True
kolesagroup,api.krisha.kz,True
kolesagroup,app.krisha.kz,True
kolesagroup,api.avtoelon.uz,True
kolesagroup,app.avtoelon.uz,True
kolesagroup,id.avtoelon.uz,True
ring,ring.com/*,True
ring,api.ring.com/*,True
ring,fw.ring.com/*,True
ring,app.ring.com/*,True
ring,admin.ring.com/*,True
ring,nw.ring.com/*,True
ring,oauth.ring.com/*,True
ring,billing.ring.com/*,True
ring,prd-ring-web-us.prd.rings.solutions,True
ring,*.immedia-semi.com/*,True
ring,*.blinkforhome.com/*,True
tide,login.tide.co,True
tide,api.tideplatform.in,True
tide,www.tide.co,True
tide,api.tide.co,True
tide,web.tide.co,True
tide,app.tide.co,True
tide,web.tide.co,True
tide,api.tide.co,True
tide,login.tide.co,True
tide,app.tide.co,True
tide,api.tideplatform.in,True
tide,www.tide.co,True
oyo_rooms,traum-ferienwohnungen.de,False
oyo_rooms,preprod.oyorooms.ms,False
oyo_rooms,traum-ferienwohnungen.de,False
oyo_rooms,preprod.oyorooms.ms,False
oyo_rooms,http://patron.oyo.com/blog/in,False
mozilla_critical_services,crash-stats.allizom.org,True
mozilla_critical_services,firefox-ci-tc.services.mozilla.com,True
mozilla_critical_services,firefox.settings.services.mozilla.com,True
mozilla_critical_services,accounts.firefox.com,True
mozilla_critical_services,merino.services.mozilla.com,True
mozilla_critical_services,sync.services.mozilla.com,True
mozilla_critical_services,push.services.mozilla.com,True
mozilla_critical_services,bugzilla.mozilla.org,True
mozilla_critical_services,hg.mozilla.org,True
mozilla_critical_services,contile.services.mozilla.com,True
mozilla_critical_services,shavar.services.mozilla.com,True
mozilla_critical_services,lando.services.mozilla.com,True
mozilla_critical_services,aus5.mozilla.org,True
mozilla_critical_services,addons.allizom.org,True
mozilla_critical_services,crash-reports.allizom.org,True
mozilla_critical_services,mozilla-pontoon-staging.herokuapp.com,True
mozilla_critical_services,phabricator.allizom.org,True
mozilla_critical_services,location.services.mozilla.com,True
mozilla_critical_services,addons.allizom.org,True
mozilla_critical_services,accounts.firefox.com,True
mozilla_critical_services,bugzilla.mozilla.org,True
mozilla_critical_services,hg.mozilla.org,True
mozilla_critical_services,contile.services.mozilla.com,True
mozilla_critical_services,merino.services.mozilla.com,True
mozilla_critical_services,firefox.settings.services.mozilla.com,True
mozilla_critical_services,aus5.mozilla.org,True
mozilla_critical_services,location.services.mozilla.com,True
mozilla_critical_services,sync.services.mozilla.com,True
mozilla_critical_services,push.services.mozilla.com,True
mozilla_critical_services,crash-reports.allizom.org,True
mozilla_critical_services,crash-stats.allizom.org,True
mozilla_critical_services,lando.services.mozilla.com,True
mozilla_critical_services,firefox-ci-tc.services.mozilla.com,True
mozilla_critical_services,mozilla-pontoon-staging.herokuapp.com,True
mozilla_critical_services,shavar.services.mozilla.com,True
mozilla_critical_services,phabricator.allizom.org,True
mozilla_core_services,support.mozilla.org,True
mozilla_core_services,hg.mozilla.org,True
mozilla_core_services,stage.taskcluster.nonprod.cloudops.mozgcp.net,True
mozilla_core_services,relay.firefox.com,True
mozilla_core_services,getpocket.com,True
mozilla_core_services,developer.mozilla.org,True
mozilla_core_services,monitor.firefox.com,True
mozilla_core_services,www.mozilla.org,True
mozilla_core_services,profiler.firefox.com,True
mozilla_core_services,community-tc.services.mozilla.com,True
mozilla_core_services,vpn.mozilla.org,True
mozilla_core_services,api.profiler.firefox.com,True
mozilla_core_services,developer.mozilla.org,True
mozilla_core_services,profiler.firefox.com,True
mozilla_core_services,vpn.mozilla.org,True
mozilla_core_services,relay.firefox.com,True
mozilla_core_services,monitor.firefox.com,True
mozilla_core_services,api.profiler.firefox.com,True
mozilla_core_services,www.mozilla.org,True
mozilla_core_services,getpocket.com,True
mozilla_core_services,support.mozilla.org,True
mozilla_core_services,hg.mozilla.org,True
mozilla_core_services,stage.taskcluster.nonprod.cloudops.mozgcp.net,True
mozilla_core_services,community-tc.services.mozilla.com,True
shutterfly_vdp,snapfish.fr,False
shutterfly_vdp,photo.walgreens.com,False
shutterfly_vdp,staging.spoonflower.com,False
shutterfly_vdp,snapfish.it,False
shutterfly_vdp,snapfish.ie,False
shutterfly_vdp,snapfish.de,False
shutterfly_vdp,lifetouch.com,False
shutterfly_vdp,prestigeportraits.com,False
shutterfly_vdp,www.borrowlenses.com,False
shutterfly_vdp,admin.spoonflower.com,False
shutterfly_vdp,jcpportraits.com,False
shutterfly_vdp,shutterfly.com,False
shutterfly_vdp,snapfish.com,False
shutterfly_vdp,tinyprints.com,False
shutterfly_vdp,snapfish.com.au,False
shutterfly_vdp,snapfish.co.nz,False
shutterfly_vdp,blog.spoonflower.com,False
shutterfly_vdp,preschoolsmiles.com,False
shutterfly_vdp,snapfish.co.uk,False
shutterfly_vdp,*.shutterfly.com,False
shutterfly_vdp,www.spoonflower.com,False
shutterfly_vdp,*.shutterfly.com,False
shutterfly_vdp,lifetouch.com,False
shutterfly_vdp,jcpportraits.com,False
shutterfly_vdp,prestigeportraits.com,False
shutterfly_vdp,preschoolsmiles.com,False
shutterfly_vdp,shutterfly.com,False
shutterfly_vdp,www.borrowlenses.com,False
shutterfly_vdp,tinyprints.com,False
shutterfly_vdp,snapfish.com,False
shutterfly_vdp,snapfish.de,False
shutterfly_vdp,snapfish.fr,False
shutterfly_vdp,snapfish.ie,False
shutterfly_vdp,snapfish.it,False
shutterfly_vdp,snapfish.co.uk,False
shutterfly_vdp,snapfish.com.au,False
shutterfly_vdp,snapfish.co.nz,False
shutterfly_vdp,photo.walgreens.com,False
shutterfly_vdp,http://www.cvs.com/photo/,False
shutterfly_vdp,www.spoonflower.com,False
shutterfly_vdp,admin.spoonflower.com,False
shutterfly_vdp,staging.spoonflower.com,False
shutterfly_vdp,blog.spoonflower.com,False
six-group,www.six-group.com,True
six-group,www.six-group.com,True
msd,*.merck.com,False
msd,*.msd.com,False
msd,*.merck.com,False
msd,*.msd.com,False
eero,node.e2ro.com/*,True
eero,api-user.e2ro.com/*,True
floqast,*.eu.floqast.app,True
floqast,*.floqast.app,True
floqast,api-eu.floqast.app,True
floqast,*.eu.floqast.app,True
floqast,*.floqast.app,True
floqast,api-eu.floqast.app,True
hilton,hiltonmanage.com,True
hilton,*.hilton.io,True
hilton,*.hiltonhotels.jp,True
hilton,hiltonhotels.jp,True
hilton,*.hiltonbusinessonline.com,True
hilton,hilton.io,True
hilton,hiltonbusinessonline.com,True
hilton,hiltonlocalbiz.com,True
hilton,*.hilton.com.tr,True
hilton,*.hiltonlocalbiz.com,True
hilton,*.hiltonmanage.com,True
hilton,hilton.com,True
hilton,hilton.com.tr,True
hilton,*.hilton.com,True
hilton,*.hilton.com,True
hilton,*.hilton.io,True
hilton,*.hilton.com.tr,True
hilton,*.hiltonbusinessonline.com,True
hilton,*.hiltonmanage.com,True
hilton,*.hiltonlocalbiz.com,True
hilton,*.hiltonhotels.jp,True
hilton,hilton.com,True
hilton,hilton.io,True
hilton,hilton.com.tr,True
hilton,hiltonbusinessonline.com,True
hilton,hiltonmanage.com,True
hilton,hiltonlocalbiz.com,True
hilton,hiltonhotels.jp,True
paystack-vdp,*.paystack.com,False
paystack-vdp,checkout.paystack.com,False
paystack-vdp,*.paystackintegrations.com,False
paystack-vdp,dashboard.paystack.com,False
paystack-vdp,nigerialogos.com,False
paystack-vdp,legacy.paystack.co,False
paystack-vdp,api.paystack.co,False
paystack-vdp,decodefintech.com,False
paystack-vdp,*.paystack.com,False
paystack-vdp,*.paystackintegrations.com,False
paystack-vdp,nigerialogos.com,False
paystack-vdp,decodefintech.com,False
paystack-vdp,legacy.paystack.co,False
paystack-vdp,checkout.paystack.com,False
paystack-vdp,api.paystack.co,False
paystack-vdp,dashboard.paystack.com,False
apnic,* IPv6 addresses,False
apnic,*.apnic.foundation,False
apnic,*.isif.asia,False
apnic,*.seedalliance.net,False
apnic,* IPv4 addresses,False
apnic,aso.apnic.net,False
apnic,*.apnic.net,False
apnic,*.apidt.org,False
apnic,stats.labs.apnic.net,False
apnic,nori.apnic.net,False
apnic,rsync.apnic.net,False
apnic,registry-testbed.apnic.net,False
apnic,rpki.apnic.net,False
apnic,orbit.apnic.net,False
apnic,submission.apnic.net,False
apnic,ftp.apnic.net,False
apnic,*.apnic.net,False
apnic,*.apnic.foundation,False
apnic,*.isif.asia,False
apnic,*.seedalliance.net,False
apnic,*.apidt.org,False
apnic,orbit.apnic.net,False
apnic,ftp.apnic.net,False
apnic,stats.labs.apnic.net,False
apnic,aso.apnic.net,False
apnic,nori.apnic.net,False
apnic,rsync.apnic.net,False
apnic,registry-testbed.apnic.net,False
apnic,rpki.apnic.net,False
apnic,submission.apnic.net,False
apnic,* IPv4 addresses,False
apnic,* IPv6 addresses,False
okx,*.okx.com,True
okx,*.okx.com,True
okx,https://www.okx.com/docs-v5/en/#market-maker-program,True
okx,https://www.okx.com/docs/en/,True
city_of_los_angeles_vdp,*.lacity.org,False
city_of_los_angeles_vdp,*.lacity.gov,False
city_of_los_angeles_vdp,*.lacity.org,False
city_of_los_angeles_vdp,*.lacity.gov,False
fastly-vdp,docs.fastly.com,False
fastly-vdp,*.signalsciences.com,False
fastly-vdp,manage.fastly.com,False
fastly-vdp,api.fastly.com,False
fastly-vdp,*.fanout.io,False
fastly-vdp,*.signalsciences.com,False
fastly-vdp,*.fanout.io,False
fastly-vdp,manage.fastly.com,False
fastly-vdp,api.fastly.com,False
fastly-vdp,docs.fastly.com,False
indrive,ab-platform-api.eu-east-1.indriverapp.com,True
indrive,cargo.indrive.com,True
indrive,*.indrive.com,True
indrive,messenger.eu-east-1.indriverapp.com,True
indrive,truck-api.eu-east-1.indriverapp.com,True
indrive,new-order.eu-east-1.indriverapp.com,True
indrive,profile-api.eu-east-1.indriverapp.com,True
indrive,*.indriver.com,True
indrive,priority.eu-east-1.indriverapp.com,True
indrive,*.indriverapp.com,True
indrive,watchdocs.indriverapp.com,True
indrive,super-services.indriverapp.com,True
indrive,file-storage-front.eu-east-1.indriverapp.com,True
indrive,injob.indriver.com,True
indrive,*.indriverapp.com,True
indrive,*.indrive.com,True
indrive,*.indriver.com,True
indrive,new-order.eu-east-1.indriverapp.com,True
indrive,watchdocs.indriverapp.com,True
indrive,injob.indriver.com,True
indrive,super-services.indriverapp.com,True
indrive,priority.eu-east-1.indriverapp.com,True
indrive,profile-api.eu-east-1.indriverapp.com,True
indrive,messenger.eu-east-1.indriverapp.com,True
indrive,ab-platform-api.eu-east-1.indriverapp.com,True
indrive,truck-api.eu-east-1.indriverapp.com,True
indrive,file-storage-front.eu-east-1.indriverapp.com,True
indrive,cargo.indrive.com,True
grindr,web.grindr.com,True
grindr,*.grindr.io,True
grindr,*.dev.grindr.io,False
grindr,preprod1.grindr.com,False
grindr,*.grindr.mobi,True
grindr,*.grindr.com,True
grindr,*.grindr.io,True
grindr,*.grindr.com,True
grindr,*.grindr.mobi,True
grindr,web.grindr.com,True
grindr,*.dev.grindr.io,False
grindr,preprod1.grindr.com,False
skinport,api.skinport.com,True
skinport,app.skinport.com,True
skinport,skinport.com,True
skinport,skinport.com,True
skinport,app.skinport.com,True
skinport,api.skinport.com,True
skinport,http://skinport.com/blog/,True
miro,miro.com,True
miro,api.miro.com,True
miro,http://miro.com/app,True
miro,miro.com,True
miro,api.miro.com,True
miro,http://miro.com/blog,True
abb,*.cylon.com,False
abb,*.abb.com.cn,False
abb,*.tnb.com,False
abb,*.abb.com.tr,False
abb,*.baldor.com,False
abb,*.abb.com,False
abb,*.abb,False
abb,*.abb.com,False
abb,*.abb,False
abb,*.tnb.com,False
abb,*.abb.com.tr,False
abb,*.abb.com.cn,False
abb,*.baldor.com,False
abb,*.cylon.com,False
malwarebytes,*.mwbsys.com,True
malwarebytes,*.mb-cosmos.com,True
malwarebytes,*.cloud.malwarebytes.com,True
malwarebytes,my.malwarebytes.com,True
malwarebytes,cloud.malwarebytes.com,True
malwarebytes,*.mbamupdates.com,True
malwarebytes,forums.malwarebytes.com,False
malwarebytes,oneview.malwarebytes.com,True
malwarebytes,*.mwb-threatintel.com,True
malwarebytes,*.malwarebytes.com,True
malwarebytes,blog.malwarebytes.com,False
malwarebytes,support.malwarebytes.com,False
malwarebytes,www.malwarebytes.com,True
malwarebytes,*.mwbsys.com,True
malwarebytes,*.mb-cosmos.com,True
malwarebytes,*.mbamupdates.com,True
malwarebytes,*.cloud.malwarebytes.com,True
malwarebytes,*.malwarebytes.com,True
malwarebytes,*.mwb-threatintel.com,True
malwarebytes,www.malwarebytes.com,True
malwarebytes,my.malwarebytes.com,True
malwarebytes,cloud.malwarebytes.com,True
malwarebytes,oneview.malwarebytes.com,True
malwarebytes,forums.malwarebytes.com,False
malwarebytes,blog.malwarebytes.com,False
malwarebytes,support.malwarebytes.com,False
canada_goose_inc,api.canadagoose.com,False
canada_goose_inc,canadagoose.com,False
canada_goose_inc,service.canadagoose.com,False
canada_goose_inc,canadagoose.com,False
canada_goose_inc,service.canadagoose.com,False
canada_goose_inc,api.canadagoose.com,False
svb-financial,api.svb.com,False
svb-financial,developer.svb.com,False
svb-financial,connect.svb.com,False
svb-financial,www.cipherbio.com,False
svb-financial,www.svbconnect.com,False
svb-financial,lendx.svb.com,False
svb-financial,www.svb.com,False
svb-financial,www.svb.com,False
svb-financial,www.svbconnect.com,False
svb-financial,connect.svb.com,False
svb-financial,lendx.svb.com,False
svb-financial,https://sandbox.api.svb.com/v1/fx/deals,False
svb-financial,https://svbbpm.svbconnect.com/suite/sites/gco-dashboard,False
svb-financial,https://svbbpm.svbconnect.com/suite/sites/portico-client-onboarding,False
svb-financial,api.svb.com,False
svb-financial,https://openbanking.svb.com/open-banking/v3.1/,False
svb-financial,developer.svb.com,False
svb-financial,www.cipherbio.com,False
s-pankki,online.s-pankki.fi,True
s-pankki,api.sokos.fi,True
s-pankki,mobile.s-pankki.fi,True
s-pankki,digili.s-cloud.fi,True
s-pankki,extranet.s-pankki.fi,True
s-pankki,www.s-pankki.fi,True
s-pankki,tunnistus.s-ryhma.fi,True
s-pankki,www.prisma.fi,True
s-pankki,www.sokos.fi,True
s-pankki,www.s-kaupat.fi,True
s-pankki,online.s-pankki.fi,True
s-pankki,www.s-pankki.fi,True
s-pankki,https://crosskey.io/stores/s-pankki/apis,True
s-pankki,mobile.s-pankki.fi,True
s-pankki,www.s-kaupat.fi,True
s-pankki,extranet.s-pankki.fi,True
s-pankki,tunnistus.s-ryhma.fi,True
s-pankki,digili.s-cloud.fi,True
s-pankki,www.prisma.fi,True
s-pankki,www.sokos.fi,True
s-pankki,api.sokos.fi,True
kiwicom,jobs.kiwi.com,True
kiwicom,auth.skypicker.com,True
kiwicom,*.skypicker.com,True
kiwicom,*.kiwi.com,True
kiwicom,www.kiwi.com,True
kiwicom,tequila.kiwi.com,True
kiwicom,*.kiwi.com,True
kiwicom,*.skypicker.com,True
kiwicom,www.kiwi.com,True
kiwicom,auth.skypicker.com,True
kiwicom,tequila.kiwi.com,True
kiwicom,http://www.kiwi.com/stories,True
kiwicom,jobs.kiwi.com,True
stanford-university,win.stanford.edu,False
stanford-university,cardinalprintcenter.stanford.edu,False
stanford-university,campusmap.stanford.edu,False
stanford-university,authority.stanford.edu,False
stanford-university,accessories.stanford.edu,False
stanford-university,*.sahr.stanford.edu,False
stanford-university,iron.stanford.edu,False
stanford-university,mydevices.stanford.edu,False
stanford-university,stanfordwho.stanford.edu,False
stanford-university,who.stanford.edu,False
stanford-university,secureportal.stanford.edu,False
stanford-university,regadmin.stanford.edu,False
stanford-university,idp.stanford.edu,False
stanford-university,sponsorship.stanford.edu,False
stanford-university,ice.stanford.edu,False
stanford-university,code.stanford.edu,False
stanford-university,accounts.stanford.edu,False
stanford-university,stanfordyou.stanford.edu,False
stanford-university,netdb.stanford.edu,False
stanford-university,bi.stanford.edu,False
stanford-university,ecm.stanford.edu,False
stanford-university,fasa.stanford.edu,False
stanford-university,login.stanford.edu,False
stanford-university,spdb.stanford.edu,False
stanford-university,vault.stanford.edu,False
stanford-university,workgroup.stanford.edu,False
stanford-university,mailman.stanford.edu,False
stanford-university,www.stanford.edu,False
stanford-university,*.sahr.stanford.edu,False
stanford-university,www.stanford.edu,False
stanford-university,bi.stanford.edu,False
stanford-university,accessories.stanford.edu,False
stanford-university,win.stanford.edu,False
stanford-university,cardinalprintcenter.stanford.edu,False
stanford-university,ecm.stanford.edu,False
stanford-university,fasa.stanford.edu,False
stanford-university,secureportal.stanford.edu,False
stanford-university,regadmin.stanford.edu,False
stanford-university,ice.stanford.edu,False
stanford-university,iron.stanford.edu,False
stanford-university,campusmap.stanford.edu,False
stanford-university,code.stanford.edu,False
stanford-university,accounts.stanford.edu,False
stanford-university,authority.stanford.edu,False
stanford-university,idp.stanford.edu,False
stanford-university,login.stanford.edu,False
stanford-university,mydevices.stanford.edu,False
stanford-university,spdb.stanford.edu,False
stanford-university,sponsorship.stanford.edu,False
stanford-university,stanfordwho.stanford.edu,False
stanford-university,stanfordyou.stanford.edu,False
stanford-university,vault.stanford.edu,False
stanford-university,who.stanford.edu,False
stanford-university,workgroup.stanford.edu,False
stanford-university,netdb.stanford.edu,False
stanford-university,mailman.stanford.edu,False
kkr_vdp,kkr.com,False
kkr_vdp,*.kkr.com,False
kkr_vdp,portal.kkr.com,False
kkr_vdp,www.fskkradvisor.com,False
kkr_vdp,www.kkrfunds.com,False
kkr_vdp,*.kkr.cloud,False
kkr_vdp,www.kkresg.com,False
kkr_vdp,processaccess.kkr.com,False
kkr_vdp,www.kkrreit.com,False
kkr_vdp,portal.kkr.com,False
kkr_vdp,*.kkr.com,False
kkr_vdp,kkr.com,False
kkr_vdp,www.fskkradvisor.com,False
kkr_vdp,www.kkrfunds.com,False
kkr_vdp,*.kkr.cloud,False
kkr_vdp,www.kkrreit.com,False
kkr_vdp,www.kkresg.com,False
kkr_vdp,processaccess.kkr.com,False
8x8-bounty,connect.8x8.com,True
8x8-bounty,work.8x8.com,True
8x8-bounty,*.jitsi.net,True
8x8-bounty,*.8x8.vc,True
8x8-bounty,sso.8x8.com,True
8x8-bounty,*.jit.si,True
8x8-bounty,platform.8x8pilot.com,True
8x8-bounty,uc.8x8pilot.com,True
8x8-bounty,work-staging.8x8.com,True
8x8-bounty,user-profile-staging.8x8.com,True
8x8-bounty,*.chalet.8x8.com,True
8x8-bounty,*.8x8.id,True
8x8-bounty,cloud8.8x8.com,True
8x8-bounty,platform.8x8.com,True
8x8-bounty,voapi.8x8.com,True
8x8-bounty,*.packet8.net,True
8x8-bounty,*.8x8staging.com,True
8x8-bounty,sms.8x8.com,True
8x8-bounty,sso.8x8pilot.com,True
8x8-bounty,*.p8t.us,True
8x8-bounty,*.wavecell.com,True
8x8-bounty,user-profile.8x8.com,True
8x8-bounty,*.8x8cloud.net,True
8x8-bounty,pay.8x8.com,True
8x8-bounty,*.8x8.vc,True
8x8-bounty,*.jit.si,True
8x8-bounty,*.jitsi.net,True
8x8-bounty,*.8x8staging.com,True
8x8-bounty,*.chalet.8x8.com,True
8x8-bounty,*.8x8.id,True
8x8-bounty,*.8x8cloud.net,True
8x8-bounty,*.p8t.us,True
8x8-bounty,*.wavecell.com,True
8x8-bounty,connect.8x8.com,True
8x8-bounty,sms.8x8.com,True
8x8-bounty,platform.8x8pilot.com,True
8x8-bounty,uc.8x8pilot.com,True
8x8-bounty,sso.8x8pilot.com,True
8x8-bounty,work-staging.8x8.com,True
8x8-bounty,user-profile-staging.8x8.com,True
8x8-bounty,sso.8x8.com,True
8x8-bounty,platform.8x8.com,True
8x8-bounty,work.8x8.com,True
8x8-bounty,user-profile.8x8.com,True
8x8-bounty,voapi.8x8.com,True
8x8-bounty,https://8x8.vc/xmpp-websocket,True
8x8-bounty,https://webrtc.8x8.com/,True
8x8-bounty,cloud8.8x8.com,True
8x8-bounty,pay.8x8.com,True
superbet,*.magicjackpot.ro,True
superbet,*.luckydays.com,True
superbet,*.superbet.com,True
superbet,*.superbet.ro,True
superbet,*.luckydays.ca,True
superbet,*.spinaway.com,True
superbet,*.superbet.rs,True
superbet,*.superbet.ro,True
superbet,*.superbet.rs,True
superbet,*.superbet.com,True
superbet,*.magicjackpot.ro,True
superbet,*.spinaway.com,True
superbet,*.luckydays.com,True
superbet,*.luckydays.ca,True
moonpay,*.moonpaycloud.com,True
moonpay,moonpay.com,True
moonpay,*.moonpay.com,True
moonpay,hypermint.com,True
moonpay,*.hypermint.com,True
moonpay,*.moonpaycloud.com,True
moonpay,*.hypermint.com,True
moonpay,*.moonpay.com,True
moonpay,moonpay.com,True
moonpay,hypermint.com,True
doppler,doppler.team,True
doppler,api.doppler.com,True
doppler,dashboard.doppler.com,True
doppler,share.doppler.com,True
doppler,doppler.team,True
doppler,api.doppler.com,True
doppler,dashboard.doppler.com,True
doppler,share.doppler.com,True
us-department-of-state,*.FAN.GOV,False
us-department-of-state,*.IBWC.GOV,False
us-department-of-state,*.SUPPORTFAN.GOV,False
us-department-of-state,*.USDOSCLOUD.GOV,False
us-department-of-state,*.AMERICA.GOV,False
us-department-of-state,*.DEVTESTFAN1.GOV,False
us-department-of-state,*.IAWG.GOV,False
us-department-of-state,*.OSAC.GOV,False
us-department-of-state,*.PREPRODFAN.GOV,False
us-department-of-state,*.SECURITYTESTFAN.GOV,False
us-department-of-state,*.USMISSION.GOV,False
us-department-of-state,*.ELGUARDIA.NET,False
us-department-of-state,*.REWARDSFORJUSTICE.NET,False
us-department-of-state,*.FSGB.GOV,False
us-department-of-state,*.PEPFAR.GOV,False
us-department-of-state,*.USEMBASSY.GOV,False
us-department-of-state,*.STATE.GOV,False
us-department-of-state,*.USCONSULATE.GOV,False
us-department-of-state,*.AMERICA.GOV,False
us-department-of-state,*.DEVTESTFAN1.GOV,False
us-department-of-state,*.FAN.GOV,False
us-department-of-state,*.FSGB.GOV,False
us-department-of-state,*.IAWG.GOV,False
us-department-of-state,*.IBWC.GOV,False
us-department-of-state,*.OSAC.GOV,False
us-department-of-state,*.PEPFAR.GOV,False
us-department-of-state,*.PREPRODFAN.GOV,False
us-department-of-state,*.SECURITYTESTFAN.GOV,False
us-department-of-state,*.STATE.GOV,False
us-department-of-state,*.SUPPORTFAN.GOV,False
us-department-of-state,*.USCONSULATE.GOV,False
us-department-of-state,*.USDOSCLOUD.GOV,False
us-department-of-state,*.USEMBASSY.GOV,False
us-department-of-state,*.USMISSION.GOV,False
us-department-of-state,*.ELGUARDIA.NET,False
us-department-of-state,*.REWARDSFORJUSTICE.NET,False
one_zero_vdp,*.onezerobank.com,False
one_zero_vdp,*.onezerobank.com,False
yuga_labs,*.yuga.com,True
yuga_labs,*.mdvmm.xyz,True
yuga_labs,*.otherside.xyz,True
yuga_labs,*.meebits.app,True
yuga_labs,*.10ktf.com,True
yuga_labs,*.cryptopunks.app,True
yuga_labs,*.boredapeyachtclub.com,True
yuga_labs,*.yugalabs.io,True
yuga_labs,dookeydash.com,True
yuga_labs,hv-mtl.com,True
yuga_labs,*.wenewmoments.com,True
yuga_labs,*.boredapeyachtclub.com,True
yuga_labs,*.yuga.com,True
yuga_labs,*.yugalabs.io,True
yuga_labs,*.otherside.xyz,True
yuga_labs,*.meebits.app,True
yuga_labs,*.cryptopunks.app,True
yuga_labs,*.mdvmm.xyz,True
yuga_labs,*.10ktf.com,True
yuga_labs,*.wenewmoments.com,True
yuga_labs,dookeydash.com,True
yuga_labs,hv-mtl.com,True
expediagroup_bbp,www.hotels.com,True
expediagroup_bbp,www.mrjet.se,True
expediagroup_bbp,www.hotwirepartnercentral.com,True
expediagroup_bbp,www.expediapartnersolutions.com,True
expediagroup_bbp,www.expediaagents.com,True
expediagroup_bbp,www.abritel.fr,True
expediagroup_bbp,www.expediagroup.com,True
expediagroup_bbp,www.orbitz.com,True
expediagroup_bbp,www.vrbo.com,True
expediagroup_bbp,www.travelocity.com,True
expediagroup_bbp,www.ebookers.com,True
expediagroup_bbp,www.flights.com,True
expediagroup_bbp,www.cheaptickets.com,True
expediagroup_bbp,www.lastminute.co.nz,True
expediagroup_bbp,www.lastminute.com.au,True
expediagroup_bbp,www.travelocity.ca,True
expediagroup_bbp,www.carrentals.com,True
expediagroup_bbp,www.bookabach.co.nz,True
expediagroup_bbp,www.fewo-direkt.de,True
expediagroup_bbp,www.expedia.com,True
expediagroup_bbp,www.expediapartnercentral.com,True
expediagroup_bbp,www.wotif.com,True
expediagroup_bbp,www.ebookers.fi,True
expediagroup_bbp,www.expediacruises.com,True
expediagroup_bbp,www.stayz.com.au,True
expediagroup_bbp,www.hotwire.com,True
expediagroup_bbp,www.hotels.com,True
expediagroup_bbp,www.expedia.com,True
expediagroup_bbp,www.expediapartnercentral.com,True
expediagroup_bbp,www.vrbo.com,True
expediagroup_bbp,www.hotwire.com,True
expediagroup_bbp,www.hotwirepartnercentral.com,True
expediagroup_bbp,www.orbitz.com,True
expediagroup_bbp,www.ebookers.com,True
expediagroup_bbp,www.ebookers.fi,True
expediagroup_bbp,www.mrjet.se,True
expediagroup_bbp,www.expediapartnersolutions.com,True
expediagroup_bbp,www.carrentals.com,True
expediagroup_bbp,www.wotif.com,True
expediagroup_bbp,www.cheaptickets.com,True
expediagroup_bbp,www.lastminute.co.nz,True
expediagroup_bbp,www.lastminute.com.au,True
expediagroup_bbp,www.travelocity.com,True
expediagroup_bbp,www.travelocity.ca,True
expediagroup_bbp,www.expediacruises.com,True
expediagroup_bbp,www.expediaagents.com,True
expediagroup_bbp,www.abritel.fr,True
expediagroup_bbp,www.bookabach.co.nz,True
expediagroup_bbp,www.fewo-direkt.de,True
expediagroup_bbp,www.stayz.com.au,True
expediagroup_bbp,www.expediagroup.com,True
expediagroup_bbp,www.flights.com,True
expediagroup,*.fewo-direkt.de,False
expediagroup,*.stayz.com.au,False
expediagroup,*.hotwirepartnercentral.com,False
expediagroup,*.expediapartnersolutions.com,False
expediagroup,*.expediaagents.com,False
expediagroup,*.orbitz.com,False
expediagroup,*.wotif.com,False
expediagroup,*.cruiseshipcenters.com,False
expediagroup,*.egadvertising.com,False
expediagroup,*.hoteis.com,False
expediagroup,*.vrbo.com,False
expediagroup,*.ean.com,False
expediagroup,*.lastminute.co.nz,False
expediagroup,*.expedia.com,False
expediagroup,*.lastminute.com.au,False
expediagroup,*.flights.com,False
expediagroup,*.hoteles.com,False
expediagroup,*.travelocity.ca,False
expediagroup,*.homeaway.com,False
expediagroup,*.cheaptickets.com,False
expediagroup,*.carrentals.com,False
expediagroup,*.bookabach.co.nz,False
expediagroup,thailand.airasiago.com,False
expediagroup,*.hotwire.com,False
expediagroup,*.hotels.com,False
expediagroup,*.travelocity.com,False
expediagroup,*.expediapartnercentral.com,False
expediagroup,*.abritel.fr,False
expediagroup,*.expediagroup.com,False
expediagroup,*.ebookers.com,False
expediagroup,*.mrjet.se,False
expediagroup,china.airasiago.com,False
expediagroup,*.expedia.com,False
expediagroup,*.hotwire.com,False
expediagroup,*.orbitz.com,False
expediagroup,*.hotels.com,False
expediagroup,*.homeaway.com,False
expediagroup,*.cheaptickets.com,False
expediagroup,*.travelocity.com,False
expediagroup,*.wotif.com,False
expediagroup,*.cruiseshipcenters.com,False
expediagroup,*.lastminute.com.au,False
expediagroup,*.carrentals.com,False
expediagroup,*.expediapartnercentral.com,False
expediagroup,*.abritel.fr,False
expediagroup,*.bookabach.co.nz,False
expediagroup,*.fewo-direkt.de,False
expediagroup,*.stayz.com.au,False
expediagroup,*.expediagroup.com,False
expediagroup,*.egadvertising.com,False
expediagroup,*.flights.com,False
expediagroup,*.hoteles.com,False
expediagroup,*.hoteis.com,False
expediagroup,*.vrbo.com,False
expediagroup,*.hotwirepartnercentral.com,False
expediagroup,*.ebookers.com,False
expediagroup,*.mrjet.se,False
expediagroup,*.expediapartnersolutions.com,False
expediagroup,*.ean.com,False
expediagroup,*.lastminute.co.nz,False
expediagroup,*.travelocity.ca,False
expediagroup,*.expediaagents.com,False
expediagroup,china.airasiago.com,False
expediagroup,thailand.airasiago.com,False
expediagroup,http://www.cruiseshipcenters.com/api/searchcenter,False
magic-eden,eng.magiceden.io,False
magic-eden,*.magiceden.workers.dev,True
magic-eden,eng.magiceden.dev,False
magic-eden,*.magiceden.io,True
magic-eden,*.magiceden.dev,True
magic-eden,magiceden.io,True
magic-eden,magiceden.io,True
magic-eden,*.magiceden.io,True
magic-eden,*.magiceden.dev,True
magic-eden,*.magiceden.workers.dev,True
magic-eden,eng.magiceden.io,False
magic-eden,eng.magiceden.dev,False
varonis,blog.varonis.de,False
varonis,blog.varonis.br,False
varonis,blog.varonis.ru,False
varonis,*.varonis.com,False
varonis,blog.varonis.es,False
varonis,*.varonis.io,False
varonis,varonis.net,False
varonis,blog.varonis.fr,False
varonis,*.varonis.com,False
varonis,*.varonis.io,False
varonis,blog.varonis.fr,False
varonis,blog.varonis.de,False
varonis,blog.varonis.br,False
varonis,blog.varonis.ru,False
varonis,blog.varonis.es,False
varonis,varonis.net,False
zerobounce,zerobounce.in,True
zerobounce,zerobounce.net,True
zerobounce,api.zerobounce.in,True
zerobounce,zerobounce.in,True
zerobounce,api.zerobounce.in,True
zerobounce,zerobounce.net,True
teleport,*.gravitational.com,True
teleport,*.teleport.dev,True
teleport,*.gravitational.co,True
teleport,*.teleportinfra.sh,True
teleport,cloud.gravitational.io,True
teleport,askpam.ai,True
teleport,teleport.sh,True
teleport,*.gravitational.io,True
teleport,h1-your-domain.teleport.sh,True
teleport,platform.teleport.sh,True
teleport,*.goteleport.com,True
teleport,*.goteleport.com,True
teleport,*.gravitational.com,True
teleport,*.teleport.dev,True
teleport,*.teleportinfra.sh,True
teleport,*.gravitational.co,True
teleport,*.gravitational.io,True
teleport,teleport.sh,True
teleport,h1-your-domain.teleport.sh,True
teleport,platform.teleport.sh,True
teleport,cloud.gravitational.io,True
teleport,askpam.ai,True
divvy-homes,www.divvyhomes.com,False
divvy-homes,www.divvyhomes.com,False
avalara,*.papercrane.io,False
avalara,*.netleglobal.com,False
avalara,*.crowdreason.com,False
avalara,*.avalara.net,False
avalara,*.avalara.io,False
avalara,*.track1099.com,False
avalara,*.impendulo.com,False
avalara,*.davosalestax.com,False
avalara,*.ttrus.com,False
avalara,*.inposia.com,False
avalara,*.3ce.com,False
avalara,*.avalara.com,False
avalara,*.avalara.com,False
avalara,*.avalara.net,False
avalara,*.avalara.io,False
avalara,*.papercrane.io,False
avalara,*.inposia.com,False
avalara,*.netleglobal.com,False
avalara,*.crowdreason.com,False
avalara,*.track1099.com,False
avalara,*.3ce.com,False
avalara,*.davosalestax.com,False
avalara,*.ttrus.com,False
avalara,*.impendulo.com,False
intuit_rdp,*.intuit.com,False
intuit_rdp,*.mint.com,False
intuit_rdp,*.quickbooks.com,False
intuit_rdp,*.turbotax.com,False
intuit_rdp,*.mailchimp.com,False
intuit_rdp,*.intuit.com,False
intuit_rdp,*.turbotax.com,False
intuit_rdp,*.mint.com,False
intuit_rdp,*.quickbooks.com,False
intuit_rdp,*.mailchimp.com,False
resmed,resupply.resmed.com,False
resmed,account.resmed.com,False
resmed,shop.resmed.com,False
resmed,resmed.co.uk,False
resmed,resmed.com.au,False
resmed,resmed.co.id,False
resmed,resmed.ph,False
resmed,resmed.fr,False
resmed,resmed.nl,False
resmed,resmed.no,False
resmed,resmed.dk,False
resmed,provider.propellerhealth.biz,False
resmed,patient.propellerhealth.biz,False
resmed,resmedshop.de,False
resmed,resmed.jp,False
resmed,produktion.api.praxispad.de/,False
resmed,referenzkunden.api.praxispad.de,False
resmed,app.citushealth.com/,False
resmed,app.medifox-therapie.de/,False
resmed,resmed.co.in,False
resmed,resmed.com.cn,False
resmed,resmed.es,False
resmed,www.citushealth.com,False
resmed,careers.resmed.com,False
resmed,myair.resmed.com,False
resmed,airview.resmed.com,False
resmed,resmed.hk,False
resmed,resmed.de,False
resmed,myair.resmed.eu,False
resmed,resmed-healthcare.de,False
resmed,u-sleep.umbian.com,False
resmed,narval-easy.resmed.eu,False
resmed,resmed.mx,False
resmed,resmed.com.br,False
resmed,resmed.ch,False
resmed,resmed.la,False
resmed,airview.resmed.eu,False
resmed,propellerhealth.com,False
resmed,mealtracker.com,False
resmed,onlinestore.resmed.com,False
resmed,resmed.sg,False
resmed,resmed.lat,False
resmed,resmed.vn,False
resmed,resmed.pt,False
resmed,onlinestore.resmedchina.cn,False
resmed,sigmacare.com,False
resmed,soneto.net,False
resmed,careanyware.com,False
resmed,app.citushealth.ca,False
resmed,brightree.net/,False
resmed,resmed.com,False
resmed,resupply.resmed.com,False
resmed,myair.resmed.com,False
resmed,airview.resmed.com,False
resmed,onlinestore.resmed.com,False
resmed,account.resmed.com,False
resmed,u-sleep.umbian.com,False
resmed,narval-easy.resmed.eu,False
resmed,careers.resmed.com,False
resmed,shop.resmed.com,False
resmed,resmed.co.uk,False
resmed,resmed.mx,False
resmed,resmed.com.br,False
resmed,resmed.lat,False
resmed,resmed.com.au,False
resmed,resmed.co.in,False
resmed,resmed.co.id,False
resmed,resmed.sg,False
resmed,resmed.hk,False
resmed,resmed.ph,False
resmed,resmed.vn,False
resmed,resmed.de,False
resmed,resmed.fr,False
resmed,resmed.nl,False
resmed,resmed.no,False
resmed,resmed.pt,False
resmed,resmed.dk,False
resmed,resmed.ch,False
resmed,resmed.la,False
resmed,resmed.com.cn,False
resmed,myair.resmed.eu,False
resmed,airview.resmed.eu,False
resmed,onlinestore.resmedchina.cn,False
resmed,resmedshop.de,False
resmed,resmed.es,False
resmed,resmed.jp,False
resmed,resmed-healthcare.de,False
resmed,provider.propellerhealth.biz,False
resmed,patient.propellerhealth.biz,False
resmed,propellerhealth.com,False
resmed,sigmacare.com,False
resmed,mealtracker.com,False
resmed,soneto.net,False
resmed,careanyware.com,False
resmed,produktion.api.praxispad.de/,False
resmed,referenzkunden.api.praxispad.de,False
resmed,app.medifox-therapie.de/,False
resmed,brightree.net/,False
resmed,app.citushealth.com/,False
resmed,www.citushealth.com,False
resmed,app.citushealth.ca,False
deribit,test.deribit.com,True
deribit,pb.deribit.com,True
deribit,insights.deribit.com,True
deribit,tools.deribit.com,True
deribit,metrics.deribit.com,True
deribit,*.deribit.com,True
deribit,*.deribit.com,True
deribit,test.deribit.com,True
deribit,insights.deribit.com,True
deribit,pb.deribit.com,True
deribit,tools.deribit.com,True
deribit,metrics.deribit.com,True
abercrombie_fitch,corporate.abercrombie.com,False
abercrombie_fitch,hollisterco.com,False
abercrombie_fitch,abercrombie.com,False
abercrombie_fitch,abercrombie.com,False
abercrombie_fitch,hollisterco.com,False
abercrombie_fitch,corporate.abercrombie.com,False
strongdm,app.strongdm.com,False
strongdm,api.strongdm.com,False
strongdm,www.strongdm.com,False
strongdm,*.sdm.network,False
strongdm,*.sdm.network,False
strongdm,app.strongdm.com,False
strongdm,api.strongdm.com,False
strongdm,www.strongdm.com,False
monarch_money,app.monarchmoney.com,False
monarch_money,www.monarchmoney.com,False
monarch_money,app.monarchmoney.com,False
monarch_money,www.monarchmoney.com,False
allegion,www.fireglass.com,False
allegion,www.interflex.de,False
allegion,www.gainsboroughhardware.com.au,False
allegion,www.cisa.com,False
allegion,www.yonomi.com,False
allegion,www.trelock.com,False
allegion,www.simons-voss.com,False
allegion,brio.com.au,False
allegion,*.allegionengage.com,False
allegion,*.isonaspureaccesscloud.com,False
allegion,zentra.co,False
allegion,www.planopunkt.com,False
allegion,www.allegion.co.uk,False
allegion,www.krytonitelock.com,False
allegion,*.yonomi.co,False
allegion,www.bricard.com,False
allegion,*.allegion.com,False
allegion,*.yonomi.co,False
allegion,*.allegionengage.com,False
allegion,*.isonaspureaccesscloud.com,False
allegion,*.my-mobilekey.com,False
allegion,www.specadsystems.com,False
allegion,www.isonas.com,False
allegion,www.krytonitelock.com,False
allegion,www.republicdoor.com,False
allegion,www.schlage.com,False
allegion,www.fireglass.com,False
allegion,www.trelock.com,False
allegion,www.simons-voss.com,False
allegion,www.interflex.de,False
allegion,www.gainsboroughhardware.com.au,False
allegion,www.fshlocking.com.au,False
allegion,www.allegion.co.uk,False
allegion,www.cisa.com,False
allegion,brio.com.au,False
allegion,brionz.com,False
allegion,briouk.com,False
allegion,briousa.com,False
allegion,www.bricard.com,False
allegion,www.axasecurity.com,False
allegion,www.ausloc.com,False
allegion,www.yonomi.com,False
allegion,www.interflex.com,False
allegion,www.planopunkt.com,False
allegion,zentra.co,False
allegion,www.normbau.de,False
poloniex,m.poloniex.com,True
poloniex,www.poloniex.com,True
poloniex,api.poloniex.com,True
poloniex,api2.poloniex.com,True
poloniex,public.poloniex.com,True
poloniex,www.poloniex.com,True
poloniex,api.poloniex.com,True
poloniex,m.poloniex.com,True
poloniex,api2.poloniex.com,True
poloniex,public.poloniex.com,True
amazonvrp-devices,blueprints.amazon.com,True
amazonvrp-devices,a4k.amazon.com,True
amazonvrp-devices,creator.amazon.com,True
amazonvrp-devices,alexaanswers.amazon.com,True
amazonvrp-devices,read.amazon.com,True
amazonvrp-devices,alexa.amazon.com,True
amazonvrp-devices,skills-store.amazon.com,True
amazonvrp-devices,read.amazon.com,True
amazonvrp-devices,alexaanswers.amazon.com,True
amazonvrp-devices,blueprints.amazon.com,True
amazonvrp-devices,creator.amazon.com,True
amazonvrp-devices,amazon.com/hz/mycd/*,True
amazonvrp-devices,a4k.amazon.com,True
amazonvrp-devices,developer.amazon.com/apps-and-games/*,True
amazonvrp-devices,developer.amazon.com/alexa/*,True
amazonvrp-devices,alexa.amazon.com,True
amazonvrp-devices,skills-store.amazon.com,True
amazonvrp-devices,www.amazon.com/photos/*,True
amazonvrp-devices,api.amazonalexa.com/*,True
amazonvrp-devices,https://www.amazon.com/luna/*,True
amazonvrp-devices,https://luna.amazon.com/*,True